,image,label
0,22ee77_0_2101.png,0
1,217b27_0_247.png,1
2,2b7304_1_669.png,2
3,151856_0_437.png,0
4,006388_0_7157.png,1
5,00c058_0_2829.png,2
6,0b33d7_2_12888.png,0
7,0d4164_0_5493.png,1
8,028989_0_9838.png,2
9,283ec7_0_1416.png,0
10,0d4164_0_4121.png,1
11,2a25cf_0_7764.png,2
12,0af8b6_0_1016.png,0
13,0bddf9_0_3358.png,1
14,2bd8fe_0_2561.png,2
15,22ee77_0_263.png,0
16,2244d2_0_5083.png,1
17,313d30_0_2481.png,2
18,06c0aa_0_10063.png,0
19,2db520_0_9098.png,1
20,424c9d_0_1366.png,2
21,17ccad_0_516.png,0
22,0415c3_0_2200.png,1
23,53845a_0_2246.png,2
24,2bd704_0_4528.png,0
25,2db520_0_3704.png,1
26,5ae30a_0_1333.png,2
27,06c0aa_0_5364.png,0
28,13f372_0_2759.png,1
29,028989_0_9640.png,2
30,1f54ac_0_2709.png,0
31,20914b_0_1222.png,1
32,69d655_0_3587.png,2
33,06c0aa_0_2046.png,0
34,0d533f_0_2959.png,1
35,028989_0_1076.png,2
36,0b5827_2_836.png,0
37,1f9d4f_0_5445.png,1
38,611a50_0_1929.png,2
39,0af8b6_0_2507.png,0
40,3020ef_0_2815.png,1
41,2b7304_1_2659.png,2
42,20ce6d_0_1595.png,0
43,194e3f_0_1086.png,1
44,6569ba_0_176.png,2
45,222acf_0_99.png,0
46,2db520_0_8939.png,1
47,41b23c_0_2265.png,2
48,0bf5f4_0_2008.png,0
49,006388_0_4120.png,1
50,2a25cf_0_8503.png,2
51,2912a0_0_2908.png,0
52,0aaeb3_0_2083.png,1
53,6015f7_0_883.png,2
54,0f3ad7_0_1155.png,0
55,282d0a_0_239.png,1
56,2b7304_0_849.png,2
57,065053_0_1160.png,0
58,2e7d16_0_1615.png,1
59,0a47c9_0_3799.png,2
60,06c0aa_0_8184.png,0
61,1ef6da_0_698.png,1
62,53845a_0_1345.png,2
63,283ec7_0_2372.png,0
64,24f8f5_0_2675.png,1
65,4919a7_0_6764.png,2
66,06c0aa_0_8209.png,0
67,282d0a_0_218.png,1
68,4dfe1e_0_1850.png,2
69,0f3ad7_0_1634.png,0
70,2e7d16_0_6404.png,1
71,424c9d_0_1940.png,2
72,22ee77_0_5744.png,0
73,0e4dac_0_1718.png,1
74,424c9d_0_2204.png,2
75,245489_1_328.png,0
76,029c68_0_2007.png,1
77,028989_0_248.png,2
78,22ee77_0_6788.png,0
79,33d2a7_0_2251.png,1
80,5fdff2_0_539.png,2
81,14690c_0_693.png,0
82,0d533f_0_2435.png,1
83,3ee426_0_5651.png,2
84,283ec7_0_9519.png,0
85,13f372_0_4520.png,1
86,2b7304_0_3895.png,2
87,0e03b7_0_1330.png,0
88,006388_0_5784.png,1
89,611a50_0_1693.png,2
90,245489_1_668.png,0
91,0d718a_0_609.png,1
92,424c9d_0_6921.png,2
93,0412ab_0_1274.png,0
94,0e4dac_0_5309.png,1
95,028989_0_8997.png,2
96,06c0aa_0_7679.png,0
97,33d071_0_1511.png,1
98,611a50_0_392.png,2
99,283ec7_0_3299.png,0
100,09644e_3_600.png,1
101,098f15_0_494.png,2
102,0b33d7_2_12175.png,0
103,1f9d4f_0_10242.png,1
104,3ee426_0_3655.png,2
105,068883_0_1744.png,0
106,13f372_0_5626.png,1
107,028989_0_6863.png,2
108,22ee77_0_6180.png,0
109,3020ef_0_5014.png,1
110,0a3ad1_0_895.png,2
111,222acf_0_156.png,0
112,0415c3_0_8056.png,1
113,53845a_0_3104.png,2
114,151856_0_2142.png,0
115,0c60b8_0_1248.png,1
116,41db5b_0_950.png,2
117,06c0aa_0_9385.png,0
118,05a1ec_0_2387.png,1
119,028989_0_2696.png,2
120,283ec7_0_1496.png,0
121,19dd95_0_197.png,1
122,245758_0_803.png,2
123,283ec7_0_3838.png,0
124,1f9d4f_0_10175.png,1
125,2bd8fe_0_1386.png,2
126,0b5827_2_876.png,0
127,2745fc_0_2694.png,1
128,098f15_0_265.png,2
129,22ee77_0_1898.png,0
130,3020ef_0_8220.png,1
131,245758_0_6277.png,2
132,283ec7_0_12205.png,0
133,0bddf9_0_4993.png,1
134,53845a_0_4200.png,2
135,06c0aa_0_12794.png,0
136,1f9d4f_0_9186.png,1
137,2a25cf_0_3756.png,2
138,245489_0_1572.png,0
139,2db520_0_4263.png,1
140,062387_0_1239.png,2
141,068883_0_1782.png,0
142,205025_0_4009.png,1
143,2a25cf_0_7977.png,2
144,26f366_0_234.png,0
145,13f372_0_7904.png,1
146,5fdff2_0_3598.png,2
147,225819_0_7586.png,0
148,3020ef_0_4802.png,1
149,2b7304_1_2648.png,2
150,20fdde_0_624.png,0
151,006388_0_872.png,1
152,245758_0_4757.png,2
153,2bd704_0_550.png,0
154,2394f6_0_3479.png,1
155,2bd8fe_0_8239.png,2
156,245489_1_2604.png,0
157,33d2a7_0_514.png,1
158,062387_0_5015.png,2
159,2bd704_0_1525.png,0
160,0415c3_0_1461.png,1
161,2bd8fe_0_480.png,2
162,28c81f_0_335.png,0
163,14d2fa_0_398.png,1
164,245758_0_3826.png,2
165,1344f7_1_259.png,0
166,19dd95_0_220.png,1
167,0a47c9_0_760.png,2
168,0b5827_0_5418.png,0
169,23d2c1_0_631.png,1
170,5ae30a_0_2384.png,2
171,06c0aa_0_4728.png,0
172,23d2c1_2_102.png,1
173,3982bf_0_7454.png,2
174,20ce6d_0_5356.png,0
175,23d2c1_0_2523.png,1
176,028989_0_247.png,2
177,272d47_0_169.png,0
178,19dd95_0_1395.png,1
179,0f2961_0_2625.png,2
180,2bd704_0_1112.png,0
181,288156_0_6182.png,1
182,300145_0_2380.png,2
183,0af8b6_0_552.png,0
184,1b86c5_0_260.png,1
185,0a3ad1_0_3463.png,2
186,06c0aa_0_6456.png,0
187,2244d2_0_4844.png,1
188,69d655_0_3538.png,2
189,0e55e4_0_140.png,0
190,1f9d4f_0_627.png,1
191,1ffc5d_0_756.png,2
192,283ec7_0_11128.png,0
193,33d071_0_1393.png,1
194,481ba8_0_170.png,2
195,2912a0_0_281.png,0
196,31adaa_1_917.png,1
197,062387_0_1060.png,2
198,283ec7_0_1233.png,0
199,2db520_0_4663.png,1
200,4919a7_0_1001.png,2
201,06c0aa_0_9125.png,0
202,037300_0_6806.png,1
203,4dfe1e_0_289.png,2
204,245489_0_169.png,0
205,19dd95_0_1118.png,1
206,2c64b2_0_3030.png,2
207,20ce6d_0_4354.png,0
208,09644e_2_1627.png,1
209,3ee426_0_1018.png,2
210,06c0aa_0_809.png,0
211,19dd95_0_1418.png,1
212,53845a_0_6875.png,2
213,17ccad_0_2346.png,0
214,1f9d4f_0_5180.png,1
215,6674a4_0_4717.png,2
216,06c0aa_0_6284.png,0
217,2244d2_0_7457.png,1
218,300145_0_1359.png,2
219,272d47_0_161.png,0
220,24f8f5_0_556.png,1
221,53845a_1_1933.png,2
222,283ec7_0_1591.png,0
223,2244d2_0_6096.png,1
224,3982bf_0_3604.png,2
225,0b33d7_2_1910.png,0
226,0e4dac_0_5867.png,1
227,41db5b_0_2065.png,2
228,272d47_0_559.png,0
229,0d533f_0_2947.png,1
230,0fcfe9_0_4874.png,2
231,06c0aa_0_1104.png,0
232,0e4dac_0_5577.png,1
233,2a25cf_0_2712.png,2
234,151856_0_2167.png,0
235,33d2a7_0_108.png,1
236,028989_0_1688.png,2
237,0b33d7_2_11955.png,0
238,2db520_0_4606.png,1
239,424c9d_0_7629.png,2
240,14690c_0_655.png,0
241,13f372_0_5943.png,1
242,6015f7_0_994.png,2
243,06c0aa_0_4954.png,0
244,19dd95_0_1351.png,1
245,53845a_1_2567.png,2
246,0e03b7_0_311.png,0
247,366fd0_0_800.png,1
248,53845a_0_8929.png,2
249,24b05b_0_2276.png,0
250,0e696a_0_411.png,1
251,245758_0_1748.png,2
252,0b33d7_2_11284.png,0
253,21b106_0_1191.png,1
254,3ee426_0_331.png,2
255,0e03b7_0_26.png,0
256,1ef6da_0_3153.png,1
257,028989_0_2571.png,2
258,06c0aa_0_1487.png,0
259,2244d2_0_4494.png,1
260,0a47c9_0_7203.png,2
261,225819_0_2396.png,0
262,3020ef_0_8390.png,1
263,062387_0_4814.png,2
264,26f366_0_453.png,0
265,13f372_0_4031.png,1
266,028989_0_2739.png,2
267,06c0aa_0_9456.png,0
268,2244d2_0_1378.png,1
269,53845a_0_4397.png,2
270,17ccad_0_460.png,0
271,291099_0_1845.png,1
272,6674a4_0_598.png,2
273,24b05b_0_2283.png,0
274,0e4dac_0_7823.png,1
275,4919a7_0_738.png,2
276,1c2637_0_637.png,0
277,0468a8_0_2840.png,1
278,0a47c9_0_3007.png,2
279,0b5827_2_697.png,0
280,026c97_0_176.png,1
281,53845a_0_10206.png,2
282,0b33d7_2_10822.png,0
283,09644e_2_1714.png,1
284,00c058_0_500.png,2
285,0f3ad7_0_712.png,0
286,13f372_0_2936.png,1
287,3982bf_0_10601.png,2
288,20fdde_0_232.png,0
289,34c9bc_0_2305.png,1
290,53845a_0_3910.png,2
291,151856_0_5087.png,0
292,1a2e9e_0_873.png,1
293,53845a_1_545.png,2
294,151856_0_1074.png,0
295,09644e_4_879.png,1
296,028989_0_9056.png,2
297,272d47_0_320.png,0
298,19b036_0_220.png,1
299,055f6a_0_2027.png,2
300,06c0aa_0_10467.png,0
301,288156_0_8328.png,1
302,4919a7_0_4467.png,2
303,14690c_0_771.png,0
304,070fe0_0_625.png,1
305,53e0d7_0_1092.png,2
306,2912a0_0_2795.png,0
307,1d6d4f_0_2030.png,1
308,028989_0_9775.png,2
309,0b33d7_2_12532.png,0
310,2244d2_0_6009.png,1
311,028989_0_7399.png,2
312,22ee77_0_2162.png,0
313,31588e_0_2546.png,1
314,53845a_0_3333.png,2
315,151856_0_435.png,0
316,2db520_0_13105.png,1
317,6015f7_0_3854.png,2
318,06c0aa_0_10581.png,0
319,0e4dac_0_2294.png,1
320,028989_0_8868.png,2
321,06c0aa_0_9918.png,0
322,13f372_0_6331.png,1
323,062387_0_4659.png,2
324,1f54ac_0_3943.png,0
325,037300_0_5975.png,1
326,53845a_0_1497.png,2
327,225819_0_2010.png,0
328,2db520_0_126.png,1
329,424c9d_0_7926.png,2
330,01f2b3_0_244.png,0
331,0d93ce_0_1942.png,1
332,5588f9_0_1637.png,2
333,20ce6d_0_3334.png,0
334,2244d2_0_6090.png,1
335,6674a4_0_1853.png,2
336,245489_1_225.png,0
337,27afc7_0_317.png,1
338,6569ba_0_87.png,2
339,06c0aa_0_5662.png,0
340,140d1a_0_902.png,1
341,41b4ea_1_2216.png,2
342,151856_0_6283.png,0
343,20914b_0_301.png,1
344,384052_0_1147.png,2
345,283ec7_0_882.png,0
346,0e4dac_0_3909.png,1
347,41db5b_0_99.png,2
348,1f54ac_0_3983.png,0
349,0ff6fc_0_283.png,1
350,062387_0_3998.png,2
351,1f54ac_0_4316.png,0
352,13f372_0_5714.png,1
353,6015f7_0_4878.png,2
354,17ccad_0_752.png,0
355,14d2fa_0_1467.png,1
356,0fcfe9_0_1217.png,2
357,06c0aa_0_7486.png,0
358,2745fc_0_2197.png,1
359,53845a_0_12282.png,2
360,17e1e9_0_2932.png,0
361,288156_0_6313.png,1
362,2b7304_1_1194.png,2
363,22ee77_0_694.png,0
364,19dd95_0_1371.png,1
365,2bd8fe_0_704.png,2
366,0bf5f4_0_1645.png,0
367,34c9bc_0_491.png,1
368,2bd8fe_0_2707.png,2
369,283ec7_0_12480.png,0
370,2244d2_0_3156.png,1
371,3ee426_0_3099.png,2
372,225819_0_1767.png,0
373,1295bb_0_1087.png,1
374,0a3ad1_0_1040.png,2
375,22ee77_0_1903.png,0
376,1295bb_0_67.png,1
377,028989_0_9575.png,2
378,06c0aa_0_9915.png,0
379,0415c3_0_579.png,1
380,098f15_0_407.png,2
381,06c0aa_0_5445.png,0
382,1d1bf0_0_1754.png,1
383,53845a_1_2454.png,2
384,225819_0_3448.png,0
385,09644e_3_2915.png,1
386,2bd8fe_0_2714.png,2
387,0b33d7_2_2215.png,0
388,2f73a2_0_603.png,1
389,245758_0_806.png,2
390,17e1e9_0_2710.png,0
391,2244d2_0_2034.png,1
392,508589_0_2938.png,2
393,17ccad_0_2803.png,0
394,006388_0_4049.png,1
395,53845a_0_11914.png,2
396,17ccad_0_2427.png,0
397,214cfa_1_7199.png,1
398,611a50_0_1858.png,2
399,2912a0_0_72.png,0
400,0e696a_0_648.png,1
401,300145_0_1050.png,2
402,0b33d7_2_10752.png,0
403,05a1ec_0_1697.png,1
404,028989_0_1886.png,2
405,0412ab_0_1099.png,0
406,19dd95_0_2060.png,1
407,41b23c_0_2589.png,2
408,128e6d_0_1731.png,0
409,2c8b18_0_296.png,1
410,162cad_0_4102.png,2
411,283ec7_0_2192.png,0
412,05a1ec_0_1794.png,1
413,34a278_0_71.png,2
414,20ce6d_0_675.png,0
415,19dd95_0_1374.png,1
416,062387_0_4610.png,2
417,0b33d7_2_12758.png,0
418,33d2a7_0_2001.png,1
419,1ffc5d_0_3711.png,2
420,283ec7_0_1238.png,0
421,006388_0_4478.png,1
422,424c9d_0_2304.png,2
423,22ee77_0_2265.png,0
424,0ff6fc_0_2206.png,1
425,4dfe1e_0_1790.png,2
426,151856_0_9064.png,0
427,24f8f5_0_572.png,1
428,062387_0_1117.png,2
429,0b1bdc_0_138.png,0
430,1bbcba_0_327.png,1
431,028989_0_2410.png,2
432,245489_1_2360.png,0
433,23d2c1_0_453.png,1
434,53845a_0_10357.png,2
435,06c0aa_0_5850.png,0
436,0d4164_0_4802.png,1
437,53845a_0_7238.png,2
438,01f2b3_0_2071.png,0
439,0ba49d_0_12.png,1
440,300145_0_2023.png,2
441,283ec7_0_1494.png,0
442,0e4dac_0_5160.png,1
443,2a25cf_0_7859.png,2
444,151856_0_5355.png,0
445,1ef6da_0_776.png,1
446,2bd8fe_0_6312.png,2
447,151856_0_6498.png,0
448,19b036_0_200.png,1
449,6670b9_0_1895.png,2
450,225819_0_3943.png,0
451,36a149_0_5315.png,1
452,41b23c_0_3115.png,2
453,0b33d7_2_12265.png,0
454,0d93ce_0_2402.png,1
455,0bd414_0_1468.png,2
456,0b33d7_2_2989.png,0
457,1f9d4f_0_10922.png,1
458,028989_0_1309.png,2
459,20ce6d_0_1136.png,0
460,2e7d16_0_1590.png,1
461,424c9d_0_928.png,2
462,0b5827_4_1315.png,0
463,0468a8_0_3745.png,1
464,0a47c9_0_25.png,2
465,17ccad_0_2509.png,0
466,23d2c1_1_4022.png,1
467,6015f7_0_5047.png,2
468,06c0aa_0_13547.png,0
469,24f8f5_0_2628.png,1
470,1ffc5d_0_3010.png,2
471,225819_0_7026.png,0
472,23d2c1_2_127.png,1
473,497c27_0_994.png,2
474,283ec7_0_9067.png,0
475,2244d2_0_1030.png,1
476,062387_0_1362.png,2
477,06c0aa_0_13267.png,0
478,3020ef_0_699.png,1
479,6015f7_0_902.png,2
480,0b5827_4_475.png,0
481,366fd0_0_2681.png,1
482,53845a_1_818.png,2
483,06c0aa_0_3010.png,0
484,2244d2_0_4351.png,1
485,3ee426_0_468.png,2
486,0f3ad7_0_509.png,0
487,2e7d16_0_1453.png,1
488,53845a_0_4048.png,2
489,1f54ac_0_4555.png,0
490,23d2c1_0_2843.png,1
491,028989_0_6995.png,2
492,245489_1_2318.png,0
493,0415c3_0_6403.png,1
494,3982bf_0_9116.png,2
495,225819_0_1766.png,0
496,006388_0_3721.png,1
497,2a25cf_0_2328.png,2
498,06c0aa_0_5744.png,0
499,140d1a_0_1768.png,1
500,424c9d_0_1086.png,2
501,0b5827_2_296.png,0
502,2244d2_0_5720.png,1
503,2bd8fe_0_8468.png,2
504,225819_0_2096.png,0
505,214cfa_1_6806.png,1
506,69d655_0_3624.png,2
507,22ee77_0_6027.png,0
508,214cfa_1_5790.png,1
509,6670b9_0_1760.png,2
510,0b33d7_2_10433.png,0
511,214cfa_1_1028.png,1
512,300145_0_1773.png,2
513,283ec7_0_12992.png,0
514,2244d2_0_6594.png,1
515,028989_0_562.png,2
516,225819_0_6956.png,0
517,0e4dac_0_6876.png,1
518,2bd8fe_0_2881.png,2
519,0b33d7_2_3746.png,0
520,2e7d16_0_1720.png,1
521,6015f7_0_366.png,2
522,0b33d7_2_13067.png,0
523,288156_0_6752.png,1
524,2b7304_0_2960.png,2
525,225819_0_2647.png,0
526,09644e_1_931.png,1
527,5588f9_0_2082.png,2
528,0b5827_2_3393.png,0
529,2244d2_0_746.png,1
530,300145_0_1525.png,2
531,0d3dba_0_970.png,0
532,205025_0_2236.png,1
533,3982bf_0_2432.png,2
534,20ce6d_0_462.png,0
535,070fe0_0_967.png,1
536,424c9d_0_7237.png,2
537,225819_0_9268.png,0
538,214cfa_1_7167.png,1
539,41db5b_0_2073.png,2
540,1f54ac_0_4075.png,0
541,0415c3_0_1450.png,1
542,0ee750_0_893.png,2
543,283ec7_0_1407.png,0
544,13f372_0_4675.png,1
545,53845a_0_7087.png,2
546,128e6d_0_1783.png,0
547,1d6d4f_0_487.png,1
548,3ee426_0_195.png,2
549,20ce6d_0_4243.png,0
550,006388_0_4610.png,1
551,062387_0_5100.png,2
552,06c0aa_0_599.png,0
553,09644e_0_2338.png,1
554,062387_0_1895.png,2
555,151856_0_9795.png,0
556,09644e_0_191.png,1
557,3982bf_0_6079.png,2
558,283ec7_0_2832.png,0
559,3020ef_0_8983.png,1
560,055f6a_0_2089.png,2
561,06c0aa_0_7834.png,0
562,33d2a7_0_2125.png,1
563,028989_0_7146.png,2
564,02ebd5_0_620.png,0
565,205025_0_2808.png,1
566,0ee750_0_466.png,2
567,1cc2a5_0_1205.png,0
568,1d6d4f_0_775.png,1
569,0a47c9_0_2248.png,2
570,0b33d7_2_2335.png,0
571,0415c3_0_2041.png,1
572,4919a7_0_5034.png,2
573,24b05b_0_946.png,0
574,0d4164_0_2740.png,1
575,245758_0_7501.png,2
576,22ee77_0_6177.png,0
577,0aaeb3_0_264.png,1
578,4919a7_0_5725.png,2
579,225819_0_7813.png,0
580,2244d2_0_5215.png,1
581,313d30_0_2796.png,2
582,0bf5f4_0_272.png,0
583,1ec69e_0_3697.png,1
584,53845a_1_585.png,2
585,151856_0_1973.png,0
586,0ff6fc_0_93.png,1
587,028989_0_3653.png,2
588,0b5827_0_323.png,0
589,205025_0_4290.png,1
590,028989_0_9177.png,2
591,2912a0_0_3383.png,0
592,2db520_0_9387.png,1
593,245758_0_3940.png,2
594,26f366_0_3996.png,0
595,09644e_0_947.png,1
596,028989_0_2820.png,2
597,0af8b6_0_864.png,0
598,24f8f5_0_2477.png,1
599,2a25cf_0_2071.png,2
600,06c0aa_0_6586.png,0
601,09644e_0_1978.png,1
602,2bd8fe_0_7725.png,2
603,128e6d_0_1674.png,0
604,1ef6da_0_2583.png,1
605,4919a7_0_5433.png,2
606,151856_0_5624.png,0
607,029c68_0_1233.png,1
608,6670b9_0_2845.png,2
609,17ccad_0_2665.png,0
610,2e7d16_0_1844.png,1
611,50ba15_0_4013.png,2
612,06c0aa_0_8510.png,0
613,0e4dac_0_6439.png,1
614,5588f9_0_1616.png,2
615,22ee77_0_2045.png,0
616,376cf6_0_1019.png,1
617,69d655_0_3703.png,2
618,22ee77_0_2103.png,0
619,2244d2_0_2048.png,1
620,1ffc5d_0_802.png,2
621,245489_0_1580.png,0
622,2394f6_0_1064.png,1
623,028989_0_6766.png,2
624,28c81f_0_79.png,0
625,33d2a7_0_762.png,1
626,53845a_0_11004.png,2
627,225819_0_8239.png,0
628,1f9d4f_0_10052.png,1
629,0a47c9_0_1789.png,2
630,24b05b_0_945.png,0
631,2e7d16_0_980.png,1
632,354f74_0_1882.png,2
633,08b8ef_0_1645.png,0
634,2db520_0_9461.png,1
635,028989_0_8243.png,2
636,06c0aa_0_12598.png,0
637,1f9d4f_0_10760.png,1
638,2a25cf_0_6993.png,2
639,06c0aa_0_2819.png,0
640,09644e_1_1920.png,1
641,062387_0_912.png,2
642,177a67_0_1891.png,0
643,0bddf9_0_2011.png,1
644,3ee426_0_753.png,2
645,245489_1_2420.png,0
646,2244d2_0_2361.png,1
647,3ee426_0_896.png,2
648,0b33d7_2_12102.png,0
649,282d0a_0_285.png,1
650,1ffc5d_0_5790.png,2
651,283ec7_0_11579.png,0
652,029c68_0_1365.png,1
653,0a3ad1_0_350.png,2
654,065053_0_1238.png,0
655,0bddf9_0_4046.png,1
656,41db5b_0_816.png,2
657,0412ab_0_1051.png,0
658,33d2a7_0_2537.png,1
659,2b7304_0_194.png,2
660,283ec7_0_1159.png,0
661,0468a8_0_3584.png,1
662,6674a4_0_3583.png,2
663,2912a0_0_2969.png,0
664,2394f6_0_2534.png,1
665,062387_0_3960.png,2
666,06c0aa_0_5012.png,0
667,214cfa_1_5879.png,1
668,4919a7_0_904.png,2
669,283ec7_0_4984.png,0
670,2244d2_0_1350.png,1
671,3d80c7_0_514.png,2
672,01f2b3_0_459.png,0
673,2db520_0_9425.png,1
674,2b7304_0_3790.png,2
675,245489_0_209.png,0
676,0415c3_0_1745.png,1
677,028989_0_366.png,2
678,283ec7_0_5236.png,0
679,1d1bf0_0_149.png,1
680,4dfe1e_0_414.png,2
681,0b33d7_2_1985.png,0
682,1ec69e_0_267.png,1
683,062387_0_5263.png,2
684,272d47_0_232.png,0
685,23d2c1_0_383.png,1
686,2bd8fe_0_6226.png,2
687,245489_1_2317.png,0
688,3020ef_0_4225.png,1
689,54838a_0_899.png,2
690,20fdde_0_896.png,0
691,0415c3_0_7051.png,1
692,028989_0_7377.png,2
693,0b33d7_2_2340.png,0
694,04f7a4_0_175.png,1
695,2b7304_0_3830.png,2
696,283ec7_0_9415.png,0
697,029c68_0_2072.png,1
698,028989_0_6760.png,2
699,225819_0_1765.png,0
700,0e4dac_0_5819.png,1
701,354f74_0_2569.png,2
702,06c0aa_0_9726.png,0
703,0e696a_1_949.png,1
704,69d655_0_3417.png,2
705,06c0aa_0_1571.png,0
706,1bbcba_0_560.png,1
707,2a25cf_0_2745.png,2
708,06c0aa_0_7592.png,0
709,0415c3_0_7504.png,1
710,41db5b_0_562.png,2
711,06c0aa_0_6321.png,0
712,1d1bf0_0_1476.png,1
713,028989_0_1871.png,2
714,2bd704_0_4066.png,0
715,251c77_0_1538.png,1
716,062387_0_1111.png,2
717,151856_0_4468.png,0
718,112b6e_1_3802.png,1
719,245758_0_5450.png,2
720,17e1e9_0_660.png,0
721,0415c3_0_585.png,1
722,53845a_0_11989.png,2
723,02ebd5_0_1076.png,0
724,2eb2d7_0_1780.png,1
725,0f2961_0_2517.png,2
726,06c0aa_0_1167.png,0
727,19b036_0_44.png,1
728,028989_0_8565.png,2
729,283ec7_0_11129.png,0
730,04f7a4_0_1776.png,1
731,055f6a_0_2166.png,2
732,06c0aa_0_13151.png,0
733,13f372_0_4478.png,1
734,384052_0_1198.png,2
735,283ec7_0_1487.png,0
736,2db520_0_8857.png,1
737,41b23c_0_2438.png,2
738,283ec7_0_9251.png,0
739,2e7d16_0_497.png,1
740,53845a_0_12053.png,2
741,06c0aa_0_13162.png,0
742,0e4dac_0_7679.png,1
743,2a25cf_0_3000.png,2
744,283ec7_0_9587.png,0
745,09644e_3_2487.png,1
746,3982bf_0_10555.png,2
747,225819_0_969.png,0
748,23d2c1_2_1458.png,1
749,2bd8fe_0_3028.png,2
750,283ec7_0_5057.png,0
751,006388_0_6980.png,1
752,00c058_0_907.png,2
753,0412ab_0_1064.png,0
754,006388_0_5241.png,1
755,300145_0_1642.png,2
756,283ec7_0_9521.png,0
757,1ef6da_0_334.png,1
758,4919a7_0_1861.png,2
759,20ce6d_0_4910.png,0
760,0468a8_0_1095.png,1
761,5c30ec_0_3980.png,2
762,151856_0_306.png,0
763,2e7d16_0_5052.png,1
764,0a47c9_0_4199.png,2
765,17ccad_0_2629.png,0
766,282d0a_0_284.png,1
767,0f2961_0_52.png,2
768,072075_0_2386.png,0
769,1f9d4f_0_10525.png,1
770,0a3ad1_0_1000.png,2
771,2912a0_0_2824.png,0
772,214cfa_1_593.png,1
773,3ee426_0_5650.png,2
774,06c0aa_0_10400.png,0
775,366fd0_0_1400.png,1
776,53845a_0_11557.png,2
777,08b8ef_0_590.png,0
778,214cfa_1_5969.png,1
779,1ffc5d_0_632.png,2
780,225819_0_8153.png,0
781,1a2e9e_0_2469.png,1
782,245758_0_3653.png,2
783,151856_0_2416.png,0
784,0415c3_0_2037.png,1
785,2a25cf_0_3694.png,2
786,2bd704_0_950.png,0
787,0e4dac_0_6292.png,1
788,00c058_0_2503.png,2
789,2bd704_0_3697.png,0
790,3020ef_0_7381.png,1
791,2bd8fe_0_2047.png,2
792,2bec37_0_460.png,0
793,09644e_0_1980.png,1
794,0a3ad1_0_1284.png,2
795,283ec7_0_3117.png,0
796,37258c_0_2644.png,1
797,6674a4_0_4693.png,2
798,22ee77_0_5332.png,0
799,251bfc_0_966.png,1
800,300145_0_1052.png,2
801,06c0aa_0_3092.png,0
802,006388_0_3591.png,1
803,53845a_0_2091.png,2
804,22ee77_0_702.png,0
805,3020ef_0_6138.png,1
806,08d3d8_0_510.png,2
807,06c0aa_0_1491.png,0
808,2e7d16_0_5798.png,1
809,6674a4_0_3781.png,2
810,225819_0_1233.png,0
811,2244d2_0_6441.png,1
812,3d80c7_0_1924.png,2
813,283ec7_0_10115.png,0
814,0e696a_0_1935.png,1
815,2a25cf_0_7922.png,2
816,1344f7_1_809.png,0
817,291099_0_1846.png,1
818,028989_0_7736.png,2
819,06c0aa_0_4764.png,0
820,19b036_0_1063.png,1
821,424c9d_0_2886.png,2
822,17ccad_0_270.png,0
823,21b106_0_91.png,1
824,0bd414_0_175.png,2
825,24b05b_0_802.png,0
826,3020ef_0_3644.png,1
827,2a25cf_0_9185.png,2
828,06c0aa_0_1861.png,0
829,006388_0_1627.png,1
830,245758_0_4056.png,2
831,14690c_0_122.png,0
832,2244d2_0_5643.png,1
833,300145_0_2485.png,2
834,06c0aa_0_14208.png,0
835,19b036_0_388.png,1
836,53845a_1_2126.png,2
837,2bec37_0_1454.png,0
838,2f4974_0_1601.png,1
839,028989_0_7532.png,2
840,151856_0_6349.png,0
841,1f9d4f_1_2595.png,1
842,2bd8fe_0_3223.png,2
843,1f54ac_0_3941.png,0
844,006388_0_5393.png,1
845,0fcfe9_0_2075.png,2
846,0b5827_0_1667.png,0
847,2e7d16_0_6983.png,1
848,50ba15_0_4599.png,2
849,283ec7_0_1330.png,0
850,21b106_0_1111.png,1
851,2bd8fe_0_6890.png,2
852,22ee77_0_5821.png,0
853,2244d2_0_6313.png,1
854,2b7304_2_2003.png,2
855,1f54ac_0_4805.png,0
856,2e7d16_0_6398.png,1
857,4919a7_0_388.png,2
858,0b5827_2_3554.png,0
859,006388_0_2097.png,1
860,354f74_0_2124.png,2
861,245489_1_525.png,0
862,34c9bc_0_1664.png,1
863,0fcfe9_0_1677.png,2
864,072075_0_59.png,0
865,006388_0_806.png,1
866,2a25cf_0_9458.png,2
867,06c0aa_0_6853.png,0
868,0415c3_0_1206.png,1
869,2bd8fe_0_3078.png,2
870,177a67_0_7173.png,0
871,251c77_0_420.png,1
872,4dfe1e_0_1757.png,2
873,1f6f78_1_654.png,0
874,13f372_0_4849.png,1
875,497c27_0_109.png,2
876,0b33d7_2_1200.png,0
877,19b036_0_440.png,1
878,0a47c9_0_4947.png,2
879,0b33d7_2_10673.png,0
880,0e696a_0_1593.png,1
881,50ba15_0_754.png,2
882,22ee77_0_7228.png,0
883,1f9d4f_1_2634.png,1
884,245758_0_4617.png,2
885,225819_0_2170.png,0
886,2244d2_0_6930.png,1
887,41b4ea_1_565.png,2
888,01f2b3_0_3018.png,0
889,0d4164_0_402.png,1
890,2a25cf_0_7962.png,2
891,17ccad_0_2586.png,0
892,0e696a_0_1721.png,1
893,3982bf_0_6278.png,2
894,1854bc_0_501.png,0
895,2e7d16_0_5558.png,1
896,53845a_0_8939.png,2
897,072075_0_2281.png,0
898,13f372_0_3507.png,1
899,2a25cf_0_2455.png,2
900,0b33d7_2_11956.png,0
901,288156_0_3601.png,1
902,497c27_0_175.png,2
903,283ec7_0_972.png,0
904,045eb0_0_1610.png,1
905,300145_0_504.png,2
906,24b05b_0_2705.png,0
907,33d2a7_0_268.png,1
908,384052_0_1180.png,2
909,0b33d7_2_1524.png,0
910,23d2c1_0_361.png,1
911,41db5b_0_2585.png,2
912,245489_1_292.png,0
913,214cfa_1_901.png,1
914,0bd414_0_305.png,2
915,151856_0_6703.png,0
916,19dd95_0_2132.png,1
917,0ee750_0_2333.png,2
918,2bd704_0_402.png,0
919,214cfa_1_6677.png,1
920,6015f7_0_4813.png,2
921,225819_0_7821.png,0
922,2244d2_0_1852.png,1
923,3982bf_0_4412.png,2
924,0b5827_2_659.png,0
925,0415c3_0_408.png,1
926,41b23c_0_1704.png,2
927,17ccad_0_2926.png,0
928,1bbcba_0_122.png,1
929,062387_0_1277.png,2
930,151856_0_1143.png,0
931,006388_0_6382.png,1
932,028989_0_1078.png,2
933,0412ab_0_672.png,0
934,33d2a7_0_310.png,1
935,5ae30a_0_2278.png,2
936,06c0aa_0_9267.png,0
937,140d1a_0_986.png,1
938,0bd414_0_1202.png,2
939,06c0aa_0_13830.png,0
940,2c8b18_0_1002.png,1
941,3ee426_0_801.png,2
942,22ee77_0_320.png,0
943,0ba49d_0_1169.png,1
944,2a25cf_0_7961.png,2
945,24b05b_0_707.png,0
946,1fe0c4_0_1131.png,1
947,41db5b_0_389.png,2
948,225819_0_9355.png,0
949,0ba49d_0_2582.png,1
950,2bd8fe_0_1307.png,2
951,06c0aa_0_10768.png,0
952,2e7d16_0_4846.png,1
953,0a47c9_0_2921.png,2
954,22ee77_0_2207.png,0
955,0d4164_0_4222.png,1
956,6015f7_0_4143.png,2
957,0412ab_0_290.png,0
958,029c68_0_2260.png,1
959,6670b9_0_2843.png,2
960,22ee77_0_5851.png,0
961,288156_0_2197.png,1
962,53845a_0_1709.png,2
963,22ee77_0_6188.png,0
964,09644e_0_449.png,1
965,2bd8fe_0_2785.png,2
966,22ee77_0_2048.png,0
967,214cfa_1_411.png,1
968,2b7304_0_4114.png,2
969,02ebd5_0_1101.png,0
970,214cfa_1_6631.png,1
971,028989_0_8656.png,2
972,065053_0_4148.png,0
973,0aaeb3_0_262.png,1
974,028989_0_2385.png,2
975,283ec7_0_5505.png,0
976,13f372_0_1717.png,1
977,6015f7_0_499.png,2
978,20ce6d_0_1815.png,0
979,0415c3_0_1020.png,1
980,5ae30a_0_1226.png,2
981,151856_0_6184.png,0
982,2394f6_0_2958.png,1
983,062387_0_1741.png,2
984,17ccad_0_688.png,0
985,19b036_0_328.png,1
986,062387_0_1067.png,2
987,0bf5f4_0_1884.png,0
988,037300_0_6078.png,1
989,424c9d_0_2635.png,2
990,17ccad_0_235.png,0
991,19b036_1_557.png,1
992,028989_0_6927.png,2
993,0b5827_2_3637.png,0
994,05a1ec_0_730.png,1
995,69d655_0_4164.png,2
996,22ee77_0_5916.png,0
997,288156_0_9215.png,1
998,5adc4c_0_2004.png,2
999,283ec7_0_9426.png,0
1000,33d2a7_0_553.png,1
1001,0f2961_0_2449.png,2
1002,0412ab_0_1465.png,0
1003,006388_0_5980.png,1
1004,354f74_0_578.png,2
1005,0b33d7_2_2261.png,0
1006,0b7cc8_0_223.png,1
1007,3982bf_0_9784.png,2
1008,151856_0_4248.png,0
1009,366fd0_0_2577.png,1
1010,2b7304_2_5223.png,2
1011,2912a0_0_150.png,0
1012,217b27_0_1754.png,1
1013,53845a_1_2684.png,2
1014,151856_0_5223.png,0
1015,0e4dac_0_3449.png,1
1016,3982bf_0_5813.png,2
1017,245489_1_2220.png,0
1018,0e4dac_0_1826.png,1
1019,01adc5_0_2496.png,2
1020,20ce6d_0_4470.png,0
1021,1f9d4f_0_692.png,1
1022,424c9d_0_7540.png,2
1023,20ce6d_0_1025.png,0
1024,03e6b7_0_49.png,1
1025,028989_0_2377.png,2
1026,06c0aa_0_6346.png,0
1027,0415c3_0_8179.png,1
1028,0fcfe9_0_4331.png,2
1029,1f6f78_1_608.png,0
1030,14d2fa_0_511.png,1
1031,5ae30a_0_2918.png,2
1032,0f3ad7_0_2090.png,0
1033,129102_0_222.png,1
1034,3982bf_0_11140.png,2
1035,02ebd5_0_619.png,0
1036,21b106_0_1210.png,1
1037,0ee750_1_1587.png,2
1038,02ebd5_0_734.png,0
1039,13f372_0_7397.png,1
1040,3982bf_0_3969.png,2
1041,02ebd5_0_244.png,0
1042,3020ef_0_8984.png,1
1043,028989_0_9375.png,2
1044,2bd704_0_3982.png,0
1045,21b106_0_135.png,1
1046,424c9d_0_2534.png,2
1047,06c0aa_0_9620.png,0
1048,31adaa_1_736.png,1
1049,028989_0_1773.png,2
1050,225819_0_9668.png,0
1051,205025_0_3089.png,1
1052,4919a7_0_4567.png,2
1053,225819_0_3212.png,0
1054,205025_0_4166.png,1
1055,69d655_0_3835.png,2
1056,17e1e9_0_2752.png,0
1057,251bfc_0_1749.png,1
1058,1ffc5d_0_1370.png,2
1059,2bec37_0_218.png,0
1060,2f4974_0_1250.png,1
1061,53845a_0_10851.png,2
1062,151856_0_1841.png,0
1063,2db520_0_369.png,1
1064,0ee750_0_1728.png,2
1065,151856_0_2285.png,0
1066,0415c3_0_7151.png,1
1067,508589_0_998.png,2
1068,22ee77_0_2145.png,0
1069,1a2e9e_0_615.png,1
1070,53845a_0_3623.png,2
1071,225819_0_6775.png,0
1072,19b036_1_519.png,1
1073,0fcfe9_0_248.png,2
1074,1cc2a5_0_131.png,0
1075,23d2c1_0_506.png,1
1076,062387_0_1114.png,2
1077,0b5827_0_4751.png,0
1078,1b86c5_0_316.png,1
1079,2a25cf_0_8439.png,2
1080,2bd704_0_5193.png,0
1081,23d2c1_2_1966.png,1
1082,245758_0_3259.png,2
1083,0af8b6_0_556.png,0
1084,0d4164_0_2365.png,1
1085,062387_0_835.png,2
1086,245489_1_219.png,0
1087,0415c3_0_815.png,1
1088,5fdff2_0_773.png,2
1089,283ec7_0_9424.png,0
1090,1f9d4f_0_555.png,1
1091,0a47c9_0_3331.png,2
1092,2912a0_0_213.png,0
1093,04439c_0_333.png,1
1094,028989_0_2375.png,2
1095,272d47_0_1879.png,0
1096,23d2c1_2_1901.png,1
1097,0f2961_0_2460.png,2
1098,283ec7_0_1235.png,0
1099,0d533f_0_764.png,1
1100,6569ba_0_88.png,2
1101,20fdde_0_2216.png,0
1102,006388_0_1304.png,1
1103,3982bf_0_3934.png,2
1104,283ec7_0_11668.png,0
1105,04f7a4_0_1906.png,1
1106,5fdff2_0_354.png,2
1107,06c0aa_0_2423.png,0
1108,14d2fa_0_1987.png,1
1109,0a47c9_0_4857.png,2
1110,068883_0_1992.png,0
1111,0e4dac_0_5517.png,1
1112,2bd8fe_0_3664.png,2
1113,283ec7_0_13077.png,0
1114,1bbcba_0_1248.png,1
1115,03d1ec_0_2107.png,2
1116,22ee77_0_2574.png,0
1117,0e4dac_0_2709.png,1
1118,062387_0_4308.png,2
1119,06c0aa_0_13838.png,0
1120,2745fc_0_533.png,1
1121,0a3ad1_0_694.png,2
1122,06c0aa_0_1673.png,0
1123,2244d2_0_1207.png,1
1124,54838a_0_901.png,2
1125,22ee77_0_6792.png,0
1126,04439c_0_560.png,1
1127,055f6a_0_145.png,2
1128,2bec37_0_1608.png,0
1129,2244d2_0_105.png,1
1130,062387_0_140.png,2
1131,283ec7_0_9694.png,0
1132,0415c3_0_8294.png,1
1133,055f6a_0_174.png,2
1134,06c0aa_0_1490.png,0
1135,291099_0_236.png,1
1136,0a47c9_0_1035.png,2
1137,225819_0_6835.png,0
1138,2db520_0_9100.png,1
1139,4919a7_0_893.png,2
1140,2bec37_0_1641.png,0
1141,0415c3_0_6757.png,1
1142,1ffc5d_0_3101.png,2
1143,0b33d7_2_1976.png,0
1144,2e7d16_0_364.png,1
1145,50ba15_0_565.png,2
1146,06c0aa_0_5014.png,0
1147,19dd95_0_333.png,1
1148,028989_0_2473.png,2
1149,22ee77_0_7522.png,0
1150,2db520_0_13405.png,1
1151,028989_0_9994.png,2
1152,06c0aa_0_9909.png,0
1153,09644e_0_1531.png,1
1154,2a25cf_0_710.png,2
1155,22ee77_0_266.png,0
1156,13f372_0_2751.png,1
1157,0a3ad1_0_3161.png,2
1158,225819_0_2009.png,0
1159,13f372_0_1722.png,1
1160,53e0d7_0_1247.png,2
1161,245489_1_839.png,0
1162,0d4164_0_2376.png,1
1163,53845a_1_2599.png,2
1164,06c0aa_0_14397.png,0
1165,23d2c1_1_896.png,1
1166,50ba15_0_566.png,2
1167,20ce6d_0_3450.png,0
1168,214cfa_1_499.png,1
1169,4dfe1e_0_319.png,2
1170,2912a0_0_440.png,0
1171,1ef6da_0_2519.png,1
1172,3982bf_0_10605.png,2
1173,06c0aa_0_1566.png,0
1174,112b6e_1_901.png,1
1175,0a47c9_0_3706.png,2
1176,22ee77_0_500.png,0
1177,366fd0_0_2385.png,1
1178,69d655_0_4166.png,2
1179,283ec7_0_5148.png,0
1180,2244d2_0_7565.png,1
1181,0f2961_0_2635.png,2
1182,20ce6d_0_2266.png,0
1183,3020ef_0_8631.png,1
1184,0fcfe9_0_1684.png,2
1185,0af8b6_0_2742.png,0
1186,0e696a_0_80.png,1
1187,5ae30a_0_1128.png,2
1188,242d15_0_205.png,0
1189,2ecb46_0_367.png,1
1190,5adc4c_0_196.png,2
1191,20ce6d_0_2891.png,0
1192,140d1a_0_234.png,1
1193,0a47c9_0_1903.png,2
1194,1cc2a5_0_450.png,0
1195,19b036_0_980.png,1
1196,2bd8fe_0_3007.png,2
1197,17e1e9_0_3261.png,0
1198,2745fc_0_2960.png,1
1199,53845a_0_4194.png,2
1200,245489_1_256.png,0
1201,2e7d16_0_1930.png,1
1202,245758_0_3150.png,2
1203,01f2b3_1_1968.png,0
1204,1f9d4f_1_435.png,1
1205,53845a_0_729.png,2
1206,17e1e9_0_719.png,0
1207,14d2fa_0_308.png,1
1208,41b23c_0_2262.png,2
1209,20ce6d_0_460.png,0
1210,288156_0_9091.png,1
1211,3ee426_0_693.png,2
1212,17ccad_0_579.png,0
1213,09644e_4_899.png,1
1214,6015f7_0_4602.png,2
1215,20ce6d_0_2998.png,0
1216,0ba49d_0_5778.png,1
1217,2b7304_0_1130.png,2
1218,1f54ac_0_1008.png,0
1219,2db520_0_9307.png,1
1220,0a47c9_0_1036.png,2
1221,06c0aa_0_6396.png,0
1222,2f73a2_0_309.png,1
1223,062387_0_570.png,2
1224,0b33d7_2_2643.png,0
1225,0d718a_0_811.png,1
1226,4919a7_0_6594.png,2
1227,01f2b3_0_546.png,0
1228,0e4dac_0_692.png,1
1229,53845a_1_855.png,2
1230,06c0aa_0_4237.png,0
1231,214cfa_1_7144.png,1
1232,5588f9_0_567.png,2
1233,0b5827_1_968.png,0
1234,0415c3_0_879.png,1
1235,313d30_0_2865.png,2
1236,06c0aa_0_7404.png,0
1237,0d533f_0_3248.png,1
1238,3982bf_0_2612.png,2
1239,151856_0_4314.png,0
1240,006388_0_3984.png,1
1241,497c27_0_1010.png,2
1242,14690c_0_141.png,0
1243,2745fc_0_3036.png,1
1244,2a25cf_0_7640.png,2
1245,065053_0_4220.png,0
1246,1f9d4f_0_5136.png,1
1247,0fcfe9_0_546.png,2
1248,0b1bdc_0_155.png,0
1249,0df5f8_0_2114.png,1
1250,53e0d7_0_305.png,2
1251,0d3dba_0_152.png,0
1252,2e7d16_0_6533.png,1
1253,481ba8_0_511.png,2
1254,1cc2a5_0_1277.png,0
1255,214cfa_1_5440.png,1
1256,41db5b_0_462.png,2
1257,283ec7_0_3571.png,0
1258,0d93ce_0_923.png,1
1259,3ee426_0_470.png,2
1260,283ec7_0_2850.png,0
1261,1f9d4f_0_5983.png,1
1262,2a25cf_0_9056.png,2
1263,065053_0_1159.png,0
1264,1b86c5_0_575.png,1
1265,53845a_1_2260.png,2
1266,17ccad_0_2858.png,0
1267,006388_0_4448.png,1
1268,1ffc5d_0_4014.png,2
1269,283ec7_0_9423.png,0
1270,2244d2_0_2345.png,1
1271,245758_0_5012.png,2
1272,26f366_0_314.png,0
1273,0ff6fc_0_2057.png,1
1274,6015f7_0_4551.png,2
1275,283ec7_0_10306.png,0
1276,2db520_0_4581.png,1
1277,2a25cf_0_2392.png,2
1278,06c0aa_0_10253.png,0
1279,006388_0_4714.png,1
1280,062387_0_5014.png,2
1281,225819_0_9353.png,0
1282,1295bb_0_138.png,1
1283,3982bf_0_10247.png,2
1284,0af8b6_0_1953.png,0
1285,19dd95_0_338.png,1
1286,4919a7_0_1503.png,2
1287,283ec7_0_1594.png,0
1288,24f8f5_0_2974.png,1
1289,313d30_0_589.png,2
1290,06c0aa_0_8854.png,0
1291,006388_0_6900.png,1
1292,53845a_0_4538.png,2
1293,06c0aa_0_1300.png,0
1294,0ba49d_0_5578.png,1
1295,028989_0_3075.png,2
1296,2bd704_0_4615.png,0
1297,2394f6_0_2531.png,1
1298,29b1b7_0_1650.png,2
1299,22ee77_0_2327.png,0
1300,33d071_0_1297.png,1
1301,29b1b7_0_564.png,2
1302,20ce6d_0_1706.png,0
1303,23d2c1_2_282.png,1
1304,0a47c9_0_4990.png,2
1305,0e03b7_0_199.png,0
1306,0468a8_0_334.png,1
1307,53845a_0_2697.png,2
1308,151856_0_876.png,0
1309,0e4dac_0_6580.png,1
1310,53845a_0_10207.png,2
1311,17ccad_0_551.png,0
1312,1b86c5_0_632.png,1
1313,028989_0_9315.png,2
1314,28c81f_0_240.png,0
1315,049194_1_1205.png,1
1316,062387_0_388.png,2
1317,0b33d7_2_10364.png,0
1318,0bddf9_0_3378.png,1
1319,0a47c9_0_2917.png,2
1320,24b05b_0_2789.png,0
1321,0df5f8_0_1707.png,1
1322,424c9d_0_2047.png,2
1323,14690c_0_161.png,0
1324,3020ef_0_7363.png,1
1325,313d30_0_2619.png,2
1326,0af8b6_0_2174.png,0
1327,1bbcba_0_1164.png,1
1328,028989_0_2013.png,2
1329,14690c_0_774.png,0
1330,19dd95_0_2130.png,1
1331,53845a_0_8371.png,2
1332,225819_0_3527.png,0
1333,04f7a4_0_1675.png,1
1334,3982bf_0_2421.png,2
1335,22ee77_0_5272.png,0
1336,2244d2_0_2270.png,1
1337,6015f7_0_4754.png,2
1338,06c0aa_0_1860.png,0
1339,3152c0_0_605.png,1
1340,424c9d_0_7674.png,2
1341,06c0aa_0_5016.png,0
1342,33d2a7_0_2585.png,1
1343,028989_0_2503.png,2
1344,01f2b3_1_1943.png,0
1345,1d6d4f_0_2011.png,1
1346,611a50_0_395.png,2
1347,283ec7_0_13880.png,0
1348,04439c_0_1838.png,1
1349,6674a4_0_4828.png,2
1350,06c0aa_0_6722.png,0
1351,0415c3_0_871.png,1
1352,384052_0_2402.png,2
1353,0b33d7_2_12682.png,0
1354,2244d2_0_2340.png,1
1355,2a25cf_0_1422.png,2
1356,177a67_0_2064.png,0
1357,04f7a4_0_534.png,1
1358,028989_0_1434.png,2
1359,1344f7_0_1000.png,0
1360,2244d2_0_1191.png,1
1361,384052_0_155.png,2
1362,06c0aa_0_12738.png,0
1363,1ef6da_0_3337.png,1
1364,2b7304_2_1322.png,2
1365,242d15_0_213.png,0
1366,0d4164_0_3441.png,1
1367,0a47c9_0_6412.png,2
1368,1c2637_0_203.png,0
1369,33d2a7_0_2293.png,1
1370,3982bf_0_10965.png,2
1371,17ccad_0_114.png,0
1372,006388_0_5392.png,1
1373,35b75a_0_746.png,2
1374,17ccad_0_2786.png,0
1375,006388_0_373.png,1
1376,6674a4_0_3784.png,2
1377,1cc2a5_0_1349.png,0
1378,2e7d16_0_1397.png,1
1379,3ee426_0_849.png,2
1380,0b5827_0_4811.png,0
1381,13f372_0_7393.png,1
1382,055f6a_0_2485.png,2
1383,1f54ac_0_4182.png,0
1384,2eb2d7_0_1988.png,1
1385,3ee426_0_5606.png,2
1386,06c0aa_0_4336.png,0
1387,24f8f5_0_2572.png,1
1388,2a25cf_0_8988.png,2
1389,0b5827_0_4756.png,0
1390,09644e_4_862.png,1
1391,1ffc5d_0_1152.png,2
1392,06c0aa_0_10586.png,0
1393,0e696a_0_265.png,1
1394,2b7304_1_1285.png,2
1395,0412ab_0_1066.png,0
1396,13f372_0_2214.png,1
1397,0a3ad1_0_3223.png,2
1398,283ec7_0_2385.png,0
1399,1ef6da_0_542.png,1
1400,028989_0_3661.png,2
1401,151856_0_6243.png,0
1402,2244d2_0_1903.png,1
1403,028989_0_7378.png,2
1404,06c0aa_0_10471.png,0
1405,0ba49d_0_1365.png,1
1406,028989_0_2321.png,2
1407,245489_1_468.png,0
1408,1ef6da_0_1194.png,1
1409,2b7304_1_925.png,2
1410,17e1e9_0_2916.png,0
1411,2244d2_0_6343.png,1
1412,4919a7_0_5752.png,2
1413,0af8b6_0_917.png,0
1414,04439c_0_1588.png,1
1415,300145_0_2532.png,2
1416,151856_0_871.png,0
1417,0bddf9_0_1024.png,1
1418,3982bf_0_1585.png,2
1419,06c0aa_0_6117.png,0
1420,24f8f5_0_2533.png,1
1421,41db5b_0_2177.png,2
1422,0e03b7_0_201.png,0
1423,19dd95_0_402.png,1
1424,4919a7_0_1180.png,2
1425,06c0aa_0_10096.png,0
1426,2db520_0_5724.png,1
1427,0fcfe9_0_714.png,2
1428,245489_1_2085.png,0
1429,1d1bf0_0_1672.png,1
1430,15de51_0_759.png,2
1431,0b1bdc_0_106.png,0
1432,33d071_0_1221.png,1
1433,028989_0_9499.png,2
1434,2bec37_0_1673.png,0
1435,1ef6da_0_5065.png,1
1436,313d30_0_365.png,2
1437,06c0aa_0_2430.png,0
1438,291099_0_206.png,1
1439,424c9d_0_887.png,2
1440,245489_0_2756.png,0
1441,2244d2_0_255.png,1
1442,3ee426_0_3237.png,2
1443,225819_0_3282.png,0
1444,13f372_0_1714.png,1
1445,0fcfe9_0_626.png,2
1446,24b05b_0_2113.png,0
1447,1a2e9e_0_1017.png,1
1448,53845a_1_2461.png,2
1449,0f3ad7_0_1550.png,0
1450,0bddf9_0_5500.png,1
1451,2a25cf_0_9384.png,2
1452,283ec7_0_13440.png,0
1453,0d4164_0_1269.png,1
1454,41db5b_0_596.png,2
1455,151856_0_5287.png,0
1456,2244d2_0_2694.png,1
1457,1f018f_0_809.png,2
1458,283ec7_0_3460.png,0
1459,2db520_0_9025.png,1
1460,062387_0_4755.png,2
1461,151856_0_5845.png,0
1462,13f372_0_7748.png,1
1463,03d1ec_0_2329.png,2
1464,245489_1_422.png,0
1465,1f9d4f_1_445.png,1
1466,53845a_0_4176.png,2
1467,20ce6d_0_3451.png,0
1468,1ef6da_0_2536.png,1
1469,41db5b_0_2097.png,2
1470,22ee77_0_7582.png,0
1471,23d2c1_0_2732.png,1
1472,4919a7_0_1690.png,2
1473,2bec37_0_1579.png,0
1474,2244d2_0_5204.png,1
1475,028989_0_7193.png,2
1476,17ccad_0_376.png,0
1477,2ecb46_0_279.png,1
1478,028989_0_7349.png,2
1479,17ccad_0_2614.png,0
1480,0468a8_1_3800.png,1
1481,41b23c_0_2563.png,2
1482,20fdde_0_976.png,0
1483,24f8f5_0_531.png,1
1484,2a25cf_0_9390.png,2
1485,283ec7_0_1596.png,0
1486,0468a8_1_3872.png,1
1487,028989_0_1112.png,2
1488,06c0aa_0_12355.png,0
1489,0468a8_0_291.png,1
1490,3982bf_0_10426.png,2
1491,0f3ad7_0_1498.png,0
1492,1295bb_0_967.png,1
1493,245758_0_2427.png,2
1494,072075_0_92.png,0
1495,3020ef_0_1391.png,1
1496,50ba15_0_709.png,2
1497,0b1bdc_0_87.png,0
1498,006388_0_5919.png,1
1499,2b7304_1_3503.png,2
1500,20ce6d_0_1813.png,0
1501,0415c3_0_6400.png,1
1502,0a3ad1_0_1331.png,2
1503,0af8b6_0_873.png,0
1504,251c77_0_1383.png,1
1505,1ffc5d_0_20.png,2
1506,0b33d7_2_12256.png,0
1507,2244d2_0_6142.png,1
1508,0a47c9_0_905.png,2
1509,225819_0_2812.png,0
1510,19b036_1_3149.png,1
1511,4919a7_0_4368.png,2
1512,2bd704_0_4167.png,0
1513,1ef6da_0_443.png,1
1514,53845a_0_7865.png,2
1515,20ce6d_0_5245.png,0
1516,2e7d16_0_1883.png,1
1517,6670b9_0_2716.png,2
1518,22ee77_0_1984.png,0
1519,1bbcba_0_538.png,1
1520,3982bf_0_1887.png,2
1521,2912a0_0_602.png,0
1522,2e7d16_0_724.png,1
1523,2c64b2_0_1813.png,2
1524,06c0aa_0_11798.png,0
1525,070fe0_0_124.png,1
1526,028989_0_2505.png,2
1527,02ebd5_0_82.png,0
1528,33d071_0_1184.png,1
1529,0a47c9_0_5631.png,2
1530,225819_0_9179.png,0
1531,1ef6da_0_1037.png,1
1532,41b23c_0_1593.png,2
1533,151856_0_6317.png,0
1534,288156_0_1239.png,1
1535,5588f9_0_1617.png,2
1536,06c0aa_0_3284.png,0
1537,1f9d4f_0_10243.png,1
1538,5adc4c_0_481.png,2
1539,22ee77_0_5882.png,0
1540,1f9d4f_0_5917.png,1
1541,6015f7_0_1125.png,2
1542,22ee77_0_5568.png,0
1543,2e7d16_0_1339.png,1
1544,2bd8fe_0_1739.png,2
1545,1f54ac_0_4234.png,0
1546,205025_0_4665.png,1
1547,424c9d_0_7929.png,2
1548,20ce6d_0_1484.png,0
1549,2c8b18_0_244.png,1
1550,69d655_0_3747.png,2
1551,2bd704_0_5051.png,0
1552,1f9d4f_0_164.png,1
1553,028989_0_2326.png,2
1554,283ec7_0_9342.png,0
1555,0d533f_0_1811.png,1
1556,300145_0_858.png,2
1557,225819_0_1397.png,0
1558,0ff6fc_0_346.png,1
1559,3982bf_0_1164.png,2
1560,06c0aa_0_11044.png,0
1561,3020ef_0_7844.png,1
1562,2bd8fe_0_3226.png,2
1563,0e03b7_0_1412.png,0
1564,2244d2_0_4279.png,1
1565,354f74_0_2606.png,2
1566,06c0aa_0_9453.png,0
1567,1ef6da_0_5344.png,1
1568,0a3ad1_0_2486.png,2
1569,2bd704_0_4590.png,0
1570,2244d2_0_6591.png,1
1571,6569ba_0_1269.png,2
1572,283ec7_0_10843.png,0
1573,33d2a7_0_399.png,1
1574,424c9d_0_2637.png,2
1575,068883_0_2166.png,0
1576,33d071_0_143.png,1
1577,6674a4_0_3785.png,2
1578,06c0aa_0_13255.png,0
1579,19b036_0_1144.png,1
1580,611a50_0_263.png,2
1581,1f54ac_0_4437.png,0
1582,288156_0_7692.png,1
1583,0bd414_0_16.png,2
1584,01f2b3_1_2509.png,0
1585,2f73a2_0_2788.png,1
1586,3d80c7_0_2026.png,2
1587,06c0aa_0_789.png,0
1588,33da32_0_1332.png,1
1589,354f74_0_2526.png,2
1590,2bec37_0_244.png,0
1591,1ec69e_0_187.png,1
1592,53845a_0_9755.png,2
1593,0412ab_0_1093.png,0
1594,0ba49d_0_518.png,1
1595,50ba15_0_5526.png,2
1596,225819_0_9272.png,0
1597,13f372_0_8433.png,1
1598,2a25cf_0_9050.png,2
1599,072075_0_2182.png,0
1600,1ef6da_0_4767.png,1
1601,41b23c_0_955.png,2
1602,2bd704_0_963.png,0
1603,19b036_1_3230.png,1
1604,4dfe1e_0_70.png,2
1605,06c0aa_0_9234.png,0
1606,2ecb46_0_616.png,1
1607,0fcfe9_0_1451.png,2
1608,272d47_0_325.png,0
1609,1b86c5_0_557.png,1
1610,69d655_0_352.png,2
1611,283ec7_0_13248.png,0
1612,21726e_0_1602.png,1
1613,028989_0_1304.png,2
1614,0e03b7_0_222.png,0
1615,214cfa_1_2181.png,1
1616,098f15_0_294.png,2
1617,06c0aa_0_5739.png,0
1618,36a149_0_5124.png,1
1619,53845a_1_2226.png,2
1620,151856_0_6348.png,0
1621,0415c3_0_7989.png,1
1622,0a47c9_0_906.png,2
1623,22ee77_0_5585.png,0
1624,2244d2_0_6995.png,1
1625,028989_0_1776.png,2
1626,245489_1_424.png,0
1627,2e7d16_0_4922.png,1
1628,50ba15_0_4258.png,2
1629,128e6d_0_1624.png,0
1630,0d93ce_0_4182.png,1
1631,41b23c_0_2743.png,2
1632,06c0aa_0_11041.png,0
1633,2e7d16_0_6547.png,1
1634,2a25cf_0_7964.png,2
1635,225819_0_3464.png,0
1636,2244d2_0_2421.png,1
1637,424c9d_0_1929.png,2
1638,06c0aa_0_14031.png,0
1639,0d4164_0_1034.png,1
1640,53845a_1_2161.png,2
1641,06c0aa_0_7103.png,0
1642,23d2c1_0_671.png,1
1643,028989_0_8725.png,2
1644,283ec7_0_5598.png,0
1645,2244d2_0_1854.png,1
1646,424c9d_0_7386.png,2
1647,06c0aa_0_14022.png,0
1648,2ecb46_0_423.png,1
1649,162cad_0_4100.png,2
1650,272d47_0_1967.png,0
1651,2244d2_0_673.png,1
1652,6015f7_0_4578.png,2
1653,06c0aa_0_9266.png,0
1654,20914b_0_1601.png,1
1655,5fdff2_0_3881.png,2
1656,0b5827_2_535.png,0
1657,0d533f_0_4597.png,1
1658,53845a_0_11412.png,2
1659,151856_0_4962.png,0
1660,006388_0_5530.png,1
1661,41b23c_0_2992.png,2
1662,0af8b6_0_2408.png,0
1663,006388_0_6831.png,1
1664,6015f7_0_3740.png,2
1665,283ec7_0_13788.png,0
1666,1ef6da_0_5445.png,1
1667,0fcfe9_0_864.png,2
1668,0bf5f4_0_225.png,0
1669,24f8f5_0_3000.png,1
1670,3982bf_0_11495.png,2
1671,2bd704_0_4957.png,0
1672,1ef6da_0_2537.png,1
1673,028989_0_2283.png,2
1674,283ec7_0_2921.png,0
1675,1d6d4f_0_2264.png,1
1676,50ba15_0_1719.png,2
1677,22ee77_0_7637.png,0
1678,1ef6da_0_988.png,1
1679,313d30_0_2620.png,2
1680,2bd704_0_4122.png,0
1681,214cfa_1_1957.png,1
1682,354f74_0_1483.png,2
1683,06c0aa_0_1876.png,0
1684,1f9d4f_1_972.png,1
1685,6674a4_0_4833.png,2
1686,245489_1_50.png,0
1687,13f372_0_1711.png,1
1688,062387_0_1103.png,2
1689,0d3dba_0_153.png,0
1690,1d1bf0_0_423.png,1
1691,0a47c9_0_1811.png,2
1692,22ee77_0_1078.png,0
1693,0e4dac_0_1119.png,1
1694,424c9d_0_7487.png,2
1695,0b33d7_2_3272.png,0
1696,205025_0_3274.png,1
1697,098f15_0_416.png,2
1698,1f54ac_0_2494.png,0
1699,2db520_0_12774.png,1
1700,0a47c9_0_6411.png,2
1701,06c0aa_0_10590.png,0
1702,2e3749_0_1219.png,1
1703,098f15_0_303.png,2
1704,2912a0_0_130.png,0
1705,19dd95_0_401.png,1
1706,0a47c9_0_5203.png,2
1707,151856_0_1345.png,0
1708,205025_0_949.png,1
1709,245758_0_5298.png,2
1710,06c0aa_0_14020.png,0
1711,19b036_0_1060.png,1
1712,50ba15_0_4798.png,2
1713,283ec7_0_3847.png,0
1714,1d1bf0_0_1890.png,1
1715,2b7304_2_1212.png,2
1716,1f54ac_0_1586.png,0
1717,0bddf9_0_5331.png,1
1718,5ae30a_0_1334.png,2
1719,06c0aa_0_8165.png,0
1720,288156_0_5129.png,1
1721,1ffc5d_0_1151.png,2
1722,06c0aa_0_2061.png,0
1723,19dd95_0_2421.png,1
1724,028989_0_8606.png,2
1725,065053_0_2050.png,0
1726,026c97_0_218.png,1
1727,2bcdd9_0_284.png,2
1728,17ccad_0_192.png,0
1729,1f9d4f_0_10865.png,1
1730,2b7304_1_1190.png,2
1731,177a67_0_1806.png,0
1732,029c68_0_2847.png,1
1733,00c058_0_2980.png,2
1734,0b33d7_2_2488.png,0
1735,36a149_0_6034.png,1
1736,2a25cf_0_7914.png,2
1737,1f54ac_0_3826.png,0
1738,288156_0_9025.png,1
1739,15de51_0_415.png,2
1740,06c0aa_0_3583.png,0
1741,09644e_1_892.png,1
1742,028989_0_1500.png,2
1743,283ec7_0_13347.png,0
1744,0d533f_0_1174.png,1
1745,2bd8fe_0_1577.png,2
1746,20ce6d_0_5133.png,0
1747,205025_0_3794.png,1
1748,50ba15_0_4598.png,2
1749,06c0aa_0_12170.png,0
1750,34c9bc_0_876.png,1
1751,0a3ad1_0_653.png,2
1752,0e55e4_0_95.png,0
1753,288156_0_5729.png,1
1754,028989_0_7133.png,2
1755,283ec7_0_13067.png,0
1756,21b106_0_65.png,1
1757,245758_0_6146.png,2
1758,283ec7_0_9167.png,0
1759,2244d2_0_5500.png,1
1760,6674a4_0_4814.png,2
1761,06c0aa_0_5773.png,0
1762,09644e_1_117.png,1
1763,245758_0_3557.png,2
1764,17ccad_0_2870.png,0
1765,214cfa_1_6763.png,1
1766,611a50_0_1135.png,2
1767,151856_0_6112.png,0
1768,13f372_0_2743.png,1
1769,2bd8fe_0_8978.png,2
1770,2bd704_0_644.png,0
1771,2244d2_0_7582.png,1
1772,508589_0_1043.png,2
1773,0b33d7_2_11060.png,0
1774,288156_0_3989.png,1
1775,6670b9_0_3335.png,2
1776,151856_0_6560.png,0
1777,0d533f_0_1704.png,1
1778,354f74_0_2660.png,2
1779,14690c_0_104.png,0
1780,0aaeb3_0_2085.png,1
1781,6015f7_0_555.png,2
1782,06c0aa_0_13729.png,0
1783,23d2c1_2_1902.png,1
1784,611a50_0_1960.png,2
1785,06c0aa_0_12383.png,0
1786,13f372_0_2827.png,1
1787,3982bf_0_8759.png,2
1788,2bec37_0_455.png,0
1789,214cfa_0_1996.png,1
1790,5ae30a_0_1023.png,2
1791,20ce6d_0_2026.png,0
1792,1ef6da_0_5436.png,1
1793,41b23c_0_1594.png,2
1794,0f3ad7_0_759.png,0
1795,129102_0_527.png,1
1796,4919a7_0_436.png,2
1797,177a67_0_7175.png,0
1798,1295bb_0_1031.png,1
1799,3982bf_0_2247.png,2
1800,06c0aa_0_10267.png,0
1801,14d2fa_0_1879.png,1
1802,6674a4_0_4726.png,2
1803,151856_0_6624.png,0
1804,2244d2_0_1779.png,1
1805,6015f7_0_4257.png,2
1806,225819_0_3458.png,0
1807,0d718a_0_1115.png,1
1808,062387_0_609.png,2
1809,0af8b6_0_2646.png,0
1810,3020ef_0_8628.png,1
1811,028989_0_9447.png,2
1812,151856_0_4388.png,0
1813,214cfa_1_7145.png,1
1814,41b4ea_0_103.png,2
1815,272d47_0_101.png,0
1816,0e696a_0_1365.png,1
1817,028989_0_180.png,2
1818,225819_0_2816.png,0
1819,33d2a7_0_846.png,1
1820,2a25cf_0_2281.png,2
1821,06c0aa_0_6039.png,0
1822,2244d2_0_5499.png,1
1823,2bd8fe_0_1135.png,2
1824,06c0aa_0_3683.png,0
1825,04439c_0_490.png,1
1826,2b7304_1_1237.png,2
1827,225819_0_2206.png,0
1828,19dd95_0_1317.png,1
1829,028989_0_2204.png,2
1830,2bd704_0_1629.png,0
1831,19b036_1_3300.png,1
1832,2a25cf_0_3627.png,2
1833,065053_0_2008.png,0
1834,0df5f8_0_310.png,1
1835,0a47c9_0_4952.png,2
1836,20ce6d_0_1018.png,0
1837,1b86c5_0_181.png,1
1838,3982bf_0_5306.png,2
1839,225819_0_6589.png,0
1840,140d1a_0_215.png,1
1841,3ee426_0_695.png,2
1842,0b5827_4_204.png,0
1843,2244d2_0_1769.png,1
1844,53845a_0_1009.png,2
1845,151856_0_4383.png,0
1846,006388_0_5697.png,1
1847,0a3ad1_0_741.png,2
1848,283ec7_0_5867.png,0
1849,029c68_0_3028.png,1
1850,028989_0_2406.png,2
1851,06c0aa_0_8736.png,0
1852,2244d2_0_2495.png,1
1853,300145_0_1153.png,2
1854,17e1e9_0_2755.png,0
1855,20914b_0_1528.png,1
1856,6569ba_0_85.png,2
1857,20fdde_0_756.png,0
1858,112b6e_1_3852.png,1
1859,2bd8fe_0_1075.png,2
1860,151856_0_2408.png,0
1861,24f8f5_0_2674.png,1
1862,2a25cf_0_3486.png,2
1863,06c0aa_0_915.png,0
1864,04439c_0_455.png,1
1865,54838a_0_374.png,2
1866,283ec7_0_2376.png,0
1867,288156_0_8070.png,1
1868,028989_0_1955.png,2
1869,2912a0_0_142.png,0
1870,14d2fa_0_1649.png,1
1871,300145_0_1995.png,2
1872,06c0aa_0_1195.png,0
1873,037300_0_6190.png,1
1874,53845a_0_1412.png,2
1875,225819_0_9190.png,0
1876,029c68_0_1694.png,1
1877,424c9d_0_980.png,2
1878,272d47_0_1667.png,0
1879,1bbcba_0_402.png,1
1880,062387_0_1937.png,2
1881,0b1bdc_0_126.png,0
1882,029c68_0_2577.png,1
1883,0fcfe9_0_4554.png,2
1884,1f54ac_0_4190.png,0
1885,288156_0_6639.png,1
1886,028989_0_6612.png,2
1887,0412ab_0_1110.png,0
1888,070fe0_0_822.png,1
1889,062387_0_5223.png,2
1890,02ebd5_0_577.png,0
1891,05a1ec_0_304.png,1
1892,0a47c9_0_4107.png,2
1893,225819_0_8238.png,0
1894,1d1bf0_0_491.png,1
1895,497c27_0_821.png,2
1896,0b5827_2_696.png,0
1897,2244d2_0_6965.png,1
1898,6015f7_0_4819.png,2
1899,0b33d7_2_2056.png,0
1900,2eb2d7_0_2206.png,1
1901,062387_0_837.png,2
1902,2bd704_0_3929.png,0
1903,0b25f8_0_1408.png,1
1904,611a50_0_159.png,2
1905,245489_0_1652.png,0
1906,2f73a2_0_2932.png,1
1907,300145_0_797.png,2
1908,24b05b_0_943.png,0
1909,214cfa_1_5572.png,1
1910,3982bf_0_9120.png,2
1911,151856_0_2026.png,0
1912,13f372_0_10563.png,1
1913,5ae30a_0_2480.png,2
1914,245489_1_2592.png,0
1915,2244d2_0_7171.png,1
1916,245758_0_4213.png,2
1917,225819_0_2811.png,0
1918,0bddf9_0_1691.png,1
1919,028989_0_6953.png,2
1920,0b33d7_2_11993.png,0
1921,2db520_0_8944.png,1
1922,3982bf_0_8226.png,2
1923,14690c_0_119.png,0
1924,3020ef_0_8988.png,1
1925,0a3ad1_0_3074.png,2
1926,06c0aa_0_1875.png,0
1927,09644e_0_674.png,1
1928,53e0d7_0_484.png,2
1929,225819_0_2836.png,0
1930,2db520_0_8456.png,1
1931,245758_0_804.png,2
1932,2bd704_0_4477.png,0
1933,24f8f5_0_2712.png,1
1934,5adc4c_0_2419.png,2
1935,26f366_0_4045.png,0
1936,0415c3_0_1271.png,1
1937,41db5b_0_2102.png,2
1938,06c0aa_0_9341.png,0
1939,19b036_0_252.png,1
1940,028989_0_624.png,2
1941,0e03b7_0_271.png,0
1942,1f9d4f_0_10806.png,1
1943,53845a_0_2015.png,2
1944,0b5827_2_4210.png,0
1945,2db520_0_13234.png,1
1946,01adc5_0_3146.png,2
1947,06c0aa_0_1556.png,0
1948,1bbcba_0_76.png,1
1949,3982bf_0_10423.png,2
1950,06c0aa_0_3968.png,0
1951,251bfc_0_981.png,1
1952,0ee750_1_1422.png,2
1953,151856_0_837.png,0
1954,288156_0_3312.png,1
1955,4919a7_0_1585.png,2
1956,06c0aa_0_1771.png,0
1957,09644e_0_645.png,1
1958,424c9d_0_451.png,2
1959,283ec7_0_4014.png,0
1960,0d533f_0_3063.png,1
1961,0a47c9_0_538.png,2
1962,0b33d7_2_10431.png,0
1963,0e4dac_0_2581.png,1
1964,5c30ec_0_4859.png,2
1965,06c0aa_0_2500.png,0
1966,2db520_0_8955.png,1
1967,2b7304_2_4836.png,2
1968,1344f7_0_955.png,0
1969,19dd95_0_2266.png,1
1970,53845a_0_10758.png,2
1971,20fdde_0_231.png,0
1972,23d2c1_0_333.png,1
1973,0f2961_0_659.png,2
1974,1f54ac_0_4063.png,0
1975,19dd95_0_2272.png,1
1976,2c64b2_0_1675.png,2
1977,0b33d7_2_12068.png,0
1978,1f9d4f_1_2496.png,1
1979,54838a_0_175.png,2
1980,0b5827_2_650.png,0
1981,14d2fa_0_349.png,1
1982,028989_0_6816.png,2
1983,06c0aa_0_9724.png,0
1984,2e7d16_0_1842.png,1
1985,3ee426_0_3236.png,2
1986,245489_1_2425.png,0
1987,288156_0_8359.png,1
1988,53845a_0_11674.png,2
1989,06c0aa_0_10216.png,0
1990,0415c3_0_6911.png,1
1991,6674a4_0_3783.png,2
1992,245489_1_85.png,0
1993,15aab4_0_259.png,1
1994,424c9d_0_7240.png,2
1995,08b8ef_0_620.png,0
1996,129102_0_481.png,1
1997,0a47c9_0_1690.png,2
1998,26f366_0_539.png,0
1999,0ba49d_0_6657.png,1
2000,0fcfe9_0_1292.png,2
2001,0412ab_0_647.png,0
2002,04f7a4_0_470.png,1
2003,5ae30a_0_1036.png,2
2004,225819_0_6776.png,0
2005,14d2fa_0_1906.png,1
2006,062387_0_3914.png,2
2007,151856_0_4917.png,0
2008,2e7d16_0_760.png,1
2009,5c30ec_0_4928.png,2
2010,06c0aa_0_11034.png,0
2011,04f7a4_0_1610.png,1
2012,2bd8fe_0_8457.png,2
2013,0b33d7_2_12456.png,0
2014,2db520_0_4808.png,1
2015,29b1b7_0_562.png,2
2016,06c0aa_0_1745.png,0
2017,1ef6da_0_2525.png,1
2018,028989_0_1041.png,2
2019,272d47_0_471.png,0
2020,13f372_0_6365.png,1
2021,53845a_0_4270.png,2
2022,06c0aa_0_11982.png,0
2023,19b036_0_299.png,1
2024,424c9d_0_7570.png,2
2025,20fdde_0_1684.png,0
2026,23d2c1_1_3776.png,1
2027,062387_0_4768.png,2
2028,2bec37_0_490.png,0
2029,376cf6_0_1095.png,1
2030,6569ba_0_43.png,2
2031,20fdde_0_320.png,0
2032,205025_0_3456.png,1
2033,1f018f_0_234.png,2
2034,06c0aa_0_11523.png,0
2035,2244d2_0_1961.png,1
2036,4dfe1e_0_1763.png,2
2037,2bd704_0_4440.png,0
2038,0ba49d_0_5825.png,1
2039,53845a_0_8776.png,2
2040,0412ab_0_695.png,0
2041,006388_0_6057.png,1
2042,028989_0_9175.png,2
2043,1c2637_0_366.png,0
2044,2e7d16_0_6347.png,1
2045,3982bf_0_1516.png,2
2046,22ee77_0_1779.png,0
2047,1d6d4f_0_1808.png,1
2048,4919a7_0_6847.png,2
2049,0b33d7_2_2216.png,0
2050,0415c3_0_8055.png,1
2051,69d655_0_4289.png,2
2052,151856_0_6412.png,0
2053,23d2c1_2_1524.png,1
2054,028989_0_9747.png,2
2055,0b33d7_2_10903.png,0
2056,2db520_0_4168.png,1
2057,245758_0_6141.png,2
2058,283ec7_0_11924.png,0
2059,0468a8_0_798.png,1
2060,300145_0_913.png,2
2061,26f366_0_3997.png,0
2062,037300_0_6898.png,1
2063,424c9d_0_7113.png,2
2064,151856_0_1153.png,0
2065,19b036_0_1087.png,1
2066,5588f9_0_1636.png,2
2067,225819_0_10256.png,0
2068,006388_0_5971.png,1
2069,53845a_0_9010.png,2
2070,17ccad_0_2738.png,0
2071,288156_0_9995.png,1
2072,2b7304_0_2923.png,2
2073,1344f7_0_270.png,0
2074,2745fc_0_2239.png,1
2075,1f018f_0_761.png,2
2076,0b33d7_0_2440.png,0
2077,24f8f5_0_2809.png,1
2078,2bd8fe_0_777.png,2
2079,177a67_0_3598.png,0
2080,31588e_0_1736.png,1
2081,028989_0_9943.png,2
2082,0b33d7_2_11368.png,0
2083,19dd95_0_35.png,1
2084,028989_0_9374.png,2
2085,0b33d7_2_2329.png,0
2086,2244d2_0_1113.png,1
2087,098f15_0_85.png,2
2088,26f366_0_4302.png,0
2089,0415c3_0_973.png,1
2090,53845a_0_4119.png,2
2091,20fdde_0_981.png,0
2092,2e7d16_0_1344.png,1
2093,028989_0_9385.png,2
2094,0b5827_2_1053.png,0
2095,09644e_2_1608.png,1
2096,028989_0_2757.png,2
2097,2bd704_0_5240.png,0
2098,33d2a7_0_680.png,1
2099,424c9d_0_2536.png,2
2100,151856_0_2219.png,0
2101,19b036_1_3308.png,1
2102,3982bf_0_1528.png,2
2103,283ec7_0_12204.png,0
2104,04f7a4_0_398.png,1
2105,3982bf_0_8526.png,2
2106,06c0aa_0_9431.png,0
2107,1d6d4f_0_2230.png,1
2108,00c058_0_3064.png,2
2109,151856_0_5992.png,0
2110,2e7d16_0_5317.png,1
2111,53845a_0_601.png,2
2112,2bec37_0_486.png,0
2113,0e4dac_0_1253.png,1
2114,2a25cf_0_3293.png,2
2115,225819_0_7341.png,0
2116,19b036_0_417.png,1
2117,0fcfe9_0_1136.png,2
2118,2bd704_0_263.png,0
2119,006388_0_225.png,1
2120,1ffc5d_0_4367.png,2
2121,06c0aa_0_13657.png,0
2122,214cfa_1_1819.png,1
2123,481ba8_0_214.png,2
2124,0f3ad7_0_937.png,0
2125,0e4dac_0_6438.png,1
2126,6015f7_0_5261.png,2
2127,06c0aa_0_13531.png,0
2128,04f7a4_0_635.png,1
2129,3ee426_0_932.png,2
2130,225819_0_423.png,0
2131,045eb0_0_583.png,1
2132,1ffc5d_0_3495.png,2
2133,151856_0_2155.png,0
2134,1f9d4f_0_9383.png,1
2135,2bd8fe_0_705.png,2
2136,283ec7_0_1589.png,0
2137,205025_0_4258.png,1
2138,53845a_0_8220.png,2
2139,065053_0_2090.png,0
2140,291099_0_79.png,1
2141,028989_0_9367.png,2
2142,151856_0_2421.png,0
2143,194e3f_0_1088.png,1
2144,2bd8fe_0_2927.png,2
2145,283ec7_0_9503.png,0
2146,04f7a4_0_340.png,1
2147,0a3ad1_0_749.png,2
2148,2912a0_0_3096.png,0
2149,04439c_0_1872.png,1
2150,062387_0_1151.png,2
2151,24b05b_0_2395.png,0
2152,006388_0_3724.png,1
2153,0fcfe9_0_4472.png,2
2154,1f54ac_0_3735.png,0
2155,1a2e9e_0_421.png,1
2156,2bd8fe_0_7136.png,2
2157,0b33d7_1_2370.png,0
2158,0415c3_0_8473.png,1
2159,2b7304_1_2945.png,2
2160,283ec7_0_4702.png,0
2161,09644e_4_117.png,1
2162,0a47c9_0_111.png,2
2163,06c0aa_0_7105.png,0
2164,0e4dac_0_4353.png,1
2165,2c64b2_0_970.png,2
2166,272d47_0_613.png,0
2167,1fe0c4_0_151.png,1
2168,5c30ec_0_2177.png,2
2169,065053_0_301.png,0
2170,0415c3_0_1402.png,1
2171,062387_0_794.png,2
2172,151856_0_10464.png,0
2173,366fd0_0_1248.png,1
2174,5c30ec_0_1036.png,2
2175,283ec7_0_10397.png,0
2176,140d1a_0_1738.png,1
2177,0f2961_0_620.png,2
2178,06c0aa_0_1878.png,0
2179,13f372_0_3344.png,1
2180,245758_0_3563.png,2
2181,0412ab_0_973.png,0
2182,3020ef_0_2060.png,1
2183,2bd8fe_0_7797.png,2
2184,272d47_0_645.png,0
2185,250944_0_37.png,1
2186,00c058_0_908.png,2
2187,06c0aa_0_9694.png,0
2188,1f9d4f_1_820.png,1
2189,028989_0_2958.png,2
2190,17ccad_0_511.png,0
2191,250944_0_85.png,1
2192,0fcfe9_0_716.png,2
2193,2bec37_0_1397.png,0
2194,09644e_2_1711.png,1
2195,6015f7_0_1117.png,2
2196,22ee77_0_2085.png,0
2197,13f372_0_6585.png,1
2198,0fcfe9_0_1532.png,2
2199,20ce6d_0_5023.png,0
2200,0bddf9_0_4488.png,1
2201,028989_0_7082.png,2
2202,17e1e9_0_2858.png,0
2203,23d2c1_1_623.png,1
2204,028989_0_114.png,2
2205,0e03b7_0_1543.png,0
2206,291099_0_107.png,1
2207,2bd8fe_0_5202.png,2
2208,177a67_0_7010.png,0
2209,2745fc_0_2245.png,1
2210,245758_0_7090.png,2
2211,283ec7_0_11496.png,0
2212,19dd95_0_403.png,1
2213,2bd8fe_0_3374.png,2
2214,22ee77_0_7816.png,0
2215,288156_0_4748.png,1
2216,5fdff2_0_3938.png,2
2217,245489_1_502.png,0
2218,2eb2d7_0_107.png,1
2219,028989_0_9316.png,2
2220,065053_0_1196.png,0
2221,251bfc_0_1811.png,1
2222,028989_0_6578.png,2
2223,1f54ac_0_1095.png,0
2224,2db520_0_4836.png,1
2225,300145_0_792.png,2
2226,08b8ef_0_1605.png,0
2227,006388_0_5027.png,1
2228,245758_0_5857.png,2
2229,2bd704_0_588.png,0
2230,214cfa_1_6501.png,1
2231,2b7304_1_2944.png,2
2232,2bd704_0_4531.png,0
2233,0b7cc8_0_180.png,1
2234,2a25cf_0_7973.png,2
2235,2bec37_0_1670.png,0
2236,13f372_0_9502.png,1
2237,384052_0_1264.png,2
2238,06c0aa_0_8926.png,0
2239,366fd0_0_1291.png,1
2240,098f15_0_368.png,2
2241,283ec7_0_9249.png,0
2242,2e7d16_0_4919.png,1
2243,50ba15_0_1627.png,2
2244,222acf_0_1241.png,0
2245,2244d2_0_2746.png,1
2246,0f2961_0_368.png,2
2247,225819_0_9434.png,0
2248,23d2c1_2_1523.png,1
2249,0a47c9_0_1320.png,2
2250,2912a0_0_78.png,0
2251,0d4164_0_728.png,1
2252,53845a_1_733.png,2
2253,0b33d7_2_12024.png,0
2254,2244d2_0_3056.png,1
2255,3982bf_0_5277.png,2
2256,225819_0_9266.png,0
2257,09644e_0_2012.png,1
2258,2b7304_1_3160.png,2
2259,0b33d7_2_1438.png,0
2260,140d1a_0_1065.png,1
2261,098f15_0_552.png,2
2262,283ec7_0_3757.png,0
2263,288156_0_5708.png,1
2264,0a47c9_0_1994.png,2
2265,14690c_0_729.png,0
2266,31588e_0_1873.png,1
2267,53845a_0_1561.png,2
2268,225819_0_7735.png,0
2269,037300_0_6899.png,1
2270,0a47c9_0_1882.png,2
2271,225819_0_2479.png,0
2272,2db520_0_4757.png,1
2273,6015f7_0_4601.png,2
2274,20ce6d_0_798.png,0
2275,0e4dac_0_6008.png,1
2276,0f2961_0_2604.png,2
2277,06c0aa_0_14102.png,0
2278,2446b8_0_1811.png,1
2279,329006_0_60.png,2
2280,01f2b3_0_3177.png,0
2281,0468a8_0_3795.png,1
2282,1ffc5d_0_3497.png,2
2283,14690c_0_637.png,0
2284,214cfa_1_6058.png,1
2285,2b7304_0_3582.png,2
2286,1344f7_1_766.png,0
2287,288156_0_1359.png,1
2288,03d1ec_0_347.png,2
2289,17ccad_0_424.png,0
2290,366fd0_0_553.png,1
2291,245758_0_7503.png,2
2292,0b33d7_2_4358.png,0
2293,23d2c1_1_330.png,1
2294,0a47c9_0_3147.png,2
2295,17ccad_0_2646.png,0
2296,217b27_0_1807.png,1
2297,028989_0_749.png,2
2298,06c0aa_0_6395.png,0
2299,3020ef_0_8818.png,1
2300,1ffc5d_0_5791.png,2
2301,2bd704_0_4958.png,0
2302,2244d2_0_6383.png,1
2303,0fcfe9_0_4708.png,2
2304,06c0aa_0_1105.png,0
2305,029c68_0_1570.png,1
2306,028989_0_10098.png,2
2307,06c0aa_0_10397.png,0
2308,2244d2_0_5941.png,1
2309,245758_0_3377.png,2
2310,151856_0_9278.png,0
2311,2db520_0_4531.png,1
2312,0bd414_0_445.png,2
2313,1f54ac_0_1524.png,0
2314,2db520_0_9196.png,1
2315,028989_0_9909.png,2
2316,06c0aa_0_9117.png,0
2317,070fe0_0_836.png,1
2318,0ee750_0_2411.png,2
2319,272d47_0_295.png,0
2320,19b036_0_355.png,1
2321,028989_0_6755.png,2
2322,0b33d7_1_2311.png,0
2323,36a149_0_5752.png,1
2324,0fcfe9_0_4716.png,2
2325,06c0aa_0_10821.png,0
2326,24f8f5_0_2525.png,1
2327,3ee426_0_3011.png,2
2328,245489_1_2352.png,0
2329,24f8f5_0_710.png,1
2330,1ffc5d_0_4101.png,2
2331,06c0aa_0_1676.png,0
2332,04f7a4_0_339.png,1
2333,300145_0_798.png,2
2334,283ec7_0_12202.png,0
2335,2244d2_0_6582.png,1
2336,028989_0_9172.png,2
2337,2bd704_0_4567.png,0
2338,0d533f_0_2331.png,1
2339,028989_0_1014.png,2
2340,0b33d7_2_12302.png,0
2341,2394f6_0_2569.png,1
2342,424c9d_0_2100.png,2
2343,225819_0_3367.png,0
2344,03e6b7_0_224.png,1
2345,5c30ec_0_4038.png,2
2346,128e6d_0_719.png,0
2347,09644e_1_1002.png,1
2348,2bd8fe_0_1799.png,2
2349,08b8ef_0_522.png,0
2350,2db520_0_4177.png,1
2351,53e0d7_0_126.png,2
2352,151856_0_2093.png,0
2353,2745fc_0_2654.png,1
2354,062387_0_3756.png,2
2355,26f366_0_541.png,0
2356,2244d2_0_1684.png,1
2357,2b7304_0_1204.png,2
2358,151856_0_6059.png,0
2359,0e4dac_0_4349.png,1
2360,4919a7_0_1453.png,2
2361,0b5827_4_476.png,0
2362,34c9bc_0_1706.png,1
2363,1f018f_0_151.png,2
2364,065053_0_2126.png,0
2365,2c8b18_0_963.png,1
2366,062387_0_1199.png,2
2367,283ec7_0_13084.png,0
2368,0e4dac_0_2006.png,1
2369,0fcfe9_0_4480.png,2
2370,0bf5f4_0_1958.png,0
2371,1a2e9e_0_328.png,1
2372,53845a_1_845.png,2
2373,06c0aa_0_2268.png,0
2374,006388_0_573.png,1
2375,3ee426_0_5744.png,2
2376,0b33d7_2_11289.png,0
2377,24f8f5_0_2468.png,1
2378,028989_0_7025.png,2
2379,20ce6d_0_571.png,0
2380,049194_1_3262.png,1
2381,245758_0_4095.png,2
2382,177a67_0_365.png,0
2383,33d071_0_200.png,1
2384,5adc4c_0_2461.png,2
2385,26f366_0_535.png,0
2386,2e7d16_0_6746.png,1
2387,0a47c9_0_5040.png,2
2388,24b05b_0_680.png,0
2389,3020ef_0_1702.png,1
2390,497c27_0_853.png,2
2391,22ee77_0_6059.png,0
2392,1ef6da_0_781.png,1
2393,0a3ad1_0_702.png,2
2394,06c0aa_0_3096.png,0
2395,13f372_0_5002.png,1
2396,481ba8_0_254.png,2
2397,2bd704_0_1533.png,0
2398,1a2e9e_0_664.png,1
2399,2bd8fe_0_5349.png,2
2400,1f54ac_0_4233.png,0
2401,23d2c1_1_3260.png,1
2402,611a50_0_2158.png,2
2403,151856_0_4178.png,0
2404,13f372_0_4739.png,1
2405,0bd414_0_218.png,2
2406,0b33d7_2_12070.png,0
2407,2244d2_0_5372.png,1
2408,1ffc5d_0_718.png,2
2409,0f3ad7_0_763.png,0
2410,31588e_0_1841.png,1
2411,00c058_0_880.png,2
2412,2bd704_0_4521.png,0
2413,34c9bc_0_1884.png,1
2414,5ae30a_0_627.png,2
2415,283ec7_0_9691.png,0
2416,23d2c1_2_1747.png,1
2417,245758_0_6008.png,2
2418,0b33d7_2_11958.png,0
2419,2e7d16_0_1507.png,1
2420,0f2961_0_539.png,2
2421,283ec7_0_4790.png,0
2422,282d0a_0_240.png,1
2423,3982bf_0_8889.png,2
2424,245489_1_2483.png,0
2425,33da32_0_36.png,1
2426,2bd8fe_0_2490.png,2
2427,151856_0_2602.png,0
2428,129102_0_678.png,1
2429,2b7304_2_4558.png,2
2430,1f54ac_0_4554.png,0
2431,006388_0_511.png,1
2432,6569ba_0_1232.png,2
2433,283ec7_0_13616.png,0
2434,0bddf9_0_4465.png,1
2435,424c9d_0_1763.png,2
2436,0e03b7_0_1282.png,0
2437,23d2c1_0_2460.png,1
2438,01adc5_0_2346.png,2
2439,2bd704_0_5111.png,0
2440,2244d2_0_6991.png,1
2441,162cad_0_226.png,2
2442,17e1e9_0_3036.png,0
2443,0468a8_1_4928.png,1
2444,53845a_1_2148.png,2
2445,272d47_0_708.png,0
2446,006388_0_1173.png,1
2447,354f74_0_2129.png,2
2448,225819_0_9589.png,0
2449,31588e_0_1752.png,1
2450,028989_0_7732.png,2
2451,225819_0_3463.png,0
2452,33d071_0_336.png,1
2453,028989_0_7129.png,2
2454,065053_0_2168.png,0
2455,0d4164_0_1109.png,1
2456,2b7304_2_1247.png,2
2457,2bec37_0_1311.png,0
2458,029c68_0_3748.png,1
2459,424c9d_0_2591.png,2
2460,0e03b7_0_249.png,0
2461,23d2c1_2_1673.png,1
2462,424c9d_0_7349.png,2
2463,26f366_0_402.png,0
2464,23d2c1_2_1489.png,1
2465,028989_0_2148.png,2
2466,0af8b6_0_869.png,0
2467,0415c3_0_642.png,1
2468,69d655_0_226.png,2
2469,22ee77_0_5155.png,0
2470,1d6d4f_0_1944.png,1
2471,384052_0_127.png,2
2472,06c0aa_0_7753.png,0
2473,2446b8_0_1788.png,1
2474,245758_0_7362.png,2
2475,0b5827_1_972.png,0
2476,112b6e_0_409.png,1
2477,3982bf_0_7024.png,2
2478,0b1bdc_0_125.png,0
2479,13f372_0_6153.png,1
2480,5ae30a_0_2072.png,2
2481,225819_0_3130.png,0
2482,006388_0_4182.png,1
2483,53845a_0_11643.png,2
2484,151856_0_1008.png,0
2485,006388_0_4992.png,1
2486,53845a_0_2843.png,2
2487,225819_0_2810.png,0
2488,24f8f5_0_2606.png,1
2489,028989_0_8858.png,2
2490,151856_0_2402.png,0
2491,0415c3_0_8288.png,1
2492,062387_0_223.png,2
2493,151856_0_1022.png,0
2494,09644e_1_411.png,1
2495,384052_0_2340.png,2
2496,2bec37_0_1394.png,0
2497,1f9d4f_0_4274.png,1
2498,53845a_0_3784.png,2
2499,0b5827_2_336.png,0
2500,3020ef_0_4376.png,1
2501,424c9d_0_2233.png,2
2502,0b33d7_2_12427.png,0
2503,0df5f8_0_2079.png,1
2504,424c9d_0_2781.png,2
2505,151856_0_5447.png,0
2506,070fe0_0_597.png,1
2507,5adc4c_0_1958.png,2
2508,0b33d7_2_12837.png,0
2509,0bddf9_0_4491.png,1
2510,3ee426_0_3204.png,2
2511,177a67_0_6760.png,0
2512,23d2c1_1_4155.png,1
2513,2c64b2_0_3639.png,2
2514,06c0aa_0_13651.png,0
2515,1ef6da_0_1354.png,1
2516,0a47c9_0_2082.png,2
2517,225819_0_8475.png,0
2518,21b106_0_211.png,1
2519,6015f7_0_731.png,2
2520,283ec7_0_9857.png,0
2521,006388_0_3989.png,1
2522,162cad_0_3411.png,2
2523,01f2b3_0_4808.png,0
2524,2e7d16_0_1101.png,1
2525,3ee426_0_5654.png,2
2526,14690c_0_83.png,0
2527,2db520_0_13065.png,1
2528,2bd8fe_0_1826.png,2
2529,0b33d7_2_2262.png,0
2530,006388_0_5051.png,1
2531,50ba15_0_172.png,2
2532,151856_0_5218.png,0
2533,1f9d4f_1_896.png,1
2534,5adc4c_0_616.png,2
2535,2bd704_0_447.png,0
2536,0df5f8_0_1746.png,1
2537,2a25cf_0_454.png,2
2538,2bd704_0_1707.png,0
2539,0bddf9_0_3526.png,1
2540,50ba15_0_5717.png,2
2541,151856_0_6494.png,0
2542,19b036_0_856.png,1
2543,028989_0_684.png,2
2544,283ec7_0_3388.png,0
2545,0415c3_0_1977.png,1
2546,3982bf_0_2783.png,2
2547,20fdde_0_279.png,0
2548,251c77_0_1670.png,1
2549,0a3ad1_0_2723.png,2
2550,1cc2a5_0_378.png,0
2551,21726e_0_90.png,1
2552,4919a7_0_1658.png,2
2553,22ee77_0_5852.png,0
2554,006388_0_765.png,1
2555,3982bf_0_3695.png,2
2556,225819_0_9594.png,0
2557,3020ef_0_4874.png,1
2558,0ee750_0_2179.png,2
2559,20ce6d_0_2777.png,0
2560,006388_0_6982.png,1
2561,354f74_0_707.png,2
2562,0b33d7_2_2681.png,0
2563,21726e_0_1663.png,1
2564,424c9d_0_7235.png,2
2565,20ce6d_0_2596.png,0
2566,33d2a7_0_193.png,1
2567,0a47c9_0_1780.png,2
2568,283ec7_0_10485.png,0
2569,1bbcba_0_1344.png,1
2570,062387_0_4084.png,2
2571,06c0aa_0_14216.png,0
2572,34c9bc_0_2179.png,1
2573,2a25cf_0_8857.png,2
2574,283ec7_0_13080.png,0
2575,2db520_0_4669.png,1
2576,0a3ad1_0_941.png,2
2577,283ec7_0_9336.png,0
2578,214cfa_1_5615.png,1
2579,69d655_0_449.png,2
2580,2bd704_0_1038.png,0
2581,006388_0_1138.png,1
2582,4919a7_0_6563.png,2
2583,283ec7_0_2462.png,0
2584,23d2c1_1_576.png,1
2585,69d655_0_612.png,2
2586,151856_0_10447.png,0
2587,19b036_1_729.png,1
2588,3982bf_0_2061.png,2
2589,06c0aa_0_4538.png,0
2590,2db520_0_9296.png,1
2591,2b7304_1_447.png,2
2592,2912a0_0_563.png,0
2593,2f73a2_0_335.png,1
2594,245758_0_8045.png,2
2595,2bec37_0_1614.png,0
2596,23d2c1_0_2591.png,1
2597,0fcfe9_0_4947.png,2
2598,242d15_0_624.png,0
2599,1a2e9e_0_2963.png,1
2600,4919a7_0_5525.png,2
2601,06c0aa_0_9387.png,0
2602,36a149_0_5228.png,1
2603,53845a_0_11977.png,2
2604,1f54ac_0_1629.png,0
2605,21726e_0_1643.png,1
2606,0fcfe9_0_2305.png,2
2607,06c0aa_0_7974.png,0
2608,288156_0_7500.png,1
2609,055f6a_0_2188.png,2
2610,283ec7_0_13878.png,0
2611,112b6e_0_1711.png,1
2612,162cad_0_4274.png,2
2613,20ce6d_0_684.png,0
2614,0d533f_0_1808.png,1
2615,3ee426_0_1069.png,2
2616,24b05b_0_1030.png,0
2617,23d2c1_1_3302.png,1
2618,6674a4_0_1212.png,2
2619,1f54ac_0_1773.png,0
2620,19b036_0_330.png,1
2621,2bd8fe_0_5861.png,2
2622,22ee77_0_7271.png,0
2623,23d2c1_0_2638.png,1
2624,5c30ec_0_4919.png,2
2625,225819_0_1055.png,0
2626,006388_0_4540.png,1
2627,0a3ad1_0_505.png,2
2628,0b5827_2_3475.png,0
2629,029c68_0_3045.png,1
2630,028989_0_8461.png,2
2631,20ce6d_0_461.png,0
2632,2e7d16_0_2262.png,1
2633,3982bf_0_2117.png,2
2634,17ccad_0_2774.png,0
2635,09644e_4_813.png,1
2636,41db5b_0_983.png,2
2637,06c0aa_0_9911.png,0
2638,006388_0_442.png,1
2639,028989_0_3850.png,2
2640,0bf5f4_0_1960.png,0
2641,33d2a7_0_59.png,1
2642,6015f7_0_4242.png,2
2643,22ee77_0_5885.png,0
2644,04439c_0_272.png,1
2645,3ee426_0_5424.png,2
2646,22ee77_0_6002.png,0
2647,23d2c1_2_1526.png,1
2648,2b7304_1_1238.png,2
2649,06c0aa_0_13166.png,0
2650,19b036_1_3125.png,1
2651,5fdff2_0_772.png,2
2652,283ec7_0_3928.png,0
2653,1ef6da_0_4464.png,1
2654,2bd8fe_0_7824.png,2
2655,225819_0_6833.png,0
2656,13f372_0_7368.png,1
2657,055f6a_0_2020.png,2
2658,225819_0_8453.png,0
2659,0ed87f_1_196.png,1
2660,028989_0_2959.png,2
2661,06c0aa_0_9888.png,0
2662,1f9d4f_1_704.png,1
2663,384052_0_2492.png,2
2664,06c0aa_0_1577.png,0
2665,21726e_0_154.png,1
2666,2bd8fe_0_1214.png,2
2667,1f54ac_0_4441.png,0
2668,006388_0_1299.png,1
2669,0ee750_0_504.png,2
2670,0b5827_2_3012.png,0
2671,36a149_0_4954.png,1
2672,384052_0_250.png,2
2673,177a67_0_1460.png,0
2674,33d2a7_0_232.png,1
2675,53845a_0_11262.png,2
2676,22ee77_0_1989.png,0
2677,19dd95_0_1280.png,1
2678,245758_0_4880.png,2
2679,08b8ef_0_1524.png,0
2680,0c60b8_0_215.png,1
2681,53845a_0_755.png,2
2682,2912a0_0_3316.png,0
2683,282d0a_0_1366.png,1
2684,03d1ec_0_349.png,2
2685,0b5827_2_739.png,0
2686,0c60b8_0_2976.png,1
2687,0a47c9_0_6694.png,2
2688,0b5827_0_5360.png,0
2689,09644e_1_2489.png,1
2690,2bd8fe_0_695.png,2
2691,283ec7_0_3926.png,0
2692,0415c3_0_7874.png,1
2693,4919a7_0_433.png,2
2694,0e03b7_0_1455.png,0
2695,2244d2_0_2218.png,1
2696,53845a_0_2772.png,2
2697,22ee77_0_7462.png,0
2698,006388_0_4318.png,1
2699,062387_0_1692.png,2
2700,1cc2a5_0_1276.png,0
2701,1ec69e_0_3707.png,1
2702,028989_0_2124.png,2
2703,08b8ef_0_523.png,0
2704,05a1ec_0_768.png,1
2705,53845a_0_2317.png,2
2706,225819_0_8231.png,0
2707,13f372_0_8961.png,1
2708,3982bf_0_1398.png,2
2709,225819_0_8541.png,0
2710,288156_0_3237.png,1
2711,3982bf_0_1590.png,2
2712,0e03b7_0_1457.png,0
2713,1d1bf0_0_1776.png,1
2714,424c9d_0_2313.png,2
2715,283ec7_0_3643.png,0
2716,2f73a2_0_2583.png,1
2717,028989_0_8660.png,2
2718,06c0aa_0_10282.png,0
2719,34c9bc_0_398.png,1
2720,54838a_0_198.png,2
2721,06c0aa_0_7044.png,0
2722,2e7d16_0_2158.png,1
2723,41db5b_0_2512.png,2
2724,245489_1_2732.png,0
2725,006388_0_1436.png,1
2726,29b1b7_0_2085.png,2
2727,1cc2a5_0_198.png,0
2728,205025_0_922.png,1
2729,3982bf_0_11675.png,2
2730,242d15_0_570.png,0
2731,09644e_1_771.png,1
2732,6674a4_0_549.png,2
2733,0b33d7_2_12342.png,0
2734,2244d2_0_7227.png,1
2735,028989_0_301.png,2
2736,06c0aa_0_9198.png,0
2737,2db520_0_449.png,1
2738,01adc5_0_3979.png,2
2739,1cc2a5_0_331.png,0
2740,140d1a_0_925.png,1
2741,53845a_1_2116.png,2
2742,22ee77_0_5974.png,0
2743,37258c_0_2639.png,1
2744,028989_0_9359.png,2
2745,0412ab_0_1572.png,0
2746,1d1bf0_0_493.png,1
2747,028989_0_8655.png,2
2748,06c0aa_0_2623.png,0
2749,05a1ec_0_1750.png,1
2750,0f2961_0_648.png,2
2751,225819_0_6428.png,0
2752,037300_0_6449.png,1
2753,2b7304_2_4790.png,2
2754,06c0aa_0_13733.png,0
2755,14d2fa_0_399.png,1
2756,2b7304_2_2514.png,2
2757,06c0aa_0_11894.png,0
2758,2f73a2_0_3086.png,1
2759,4919a7_0_687.png,2
2760,245489_1_2118.png,0
2761,2e7d16_0_1256.png,1
2762,4919a7_0_1107.png,2
2763,20fdde_0_236.png,0
2764,19b036_1_3576.png,1
2765,3ee426_0_3429.png,2
2766,283ec7_0_4021.png,0
2767,1f9d4f_0_9324.png,1
2768,50ba15_0_5238.png,2
2769,151856_0_10114.png,0
2770,029c68_0_1552.png,1
2771,098f15_0_406.png,2
2772,151856_0_705.png,0
2773,1ef6da_0_4713.png,1
2774,384052_0_1178.png,2
2775,283ec7_0_1335.png,0
2776,0415c3_0_2145.png,1
2777,2b7304_2_5268.png,2
2778,2912a0_0_667.png,0
2779,2ecb46_0_223.png,1
2780,300145_0_952.png,2
2781,2bd704_0_4386.png,0
2782,2db520_0_4449.png,1
2783,2c64b2_0_3832.png,2
2784,283ec7_0_1665.png,0
2785,14d2fa_0_2142.png,1
2786,5fdff2_0_3975.png,2
2787,20fdde_0_366.png,0
2788,04439c_0_1713.png,1
2789,313d30_0_309.png,2
2790,283ec7_0_4810.png,0
2791,12c8c9_0_1702.png,1
2792,5adc4c_0_2001.png,2
2793,0f3ad7_0_184.png,0
2794,0468a8_0_2960.png,1
2795,69d655_0_492.png,2
2796,2912a0_0_252.png,0
2797,33d2a7_0_2285.png,1
2798,162cad_0_425.png,2
2799,225819_0_6748.png,0
2800,0468a8_0_3659.png,1
2801,53845a_0_3711.png,2
2802,151856_0_1971.png,0
2803,006388_0_3855.png,1
2804,497c27_0_801.png,2
2805,1f54ac_0_3738.png,0
2806,2244d2_0_5416.png,1
2807,5c30ec_0_1024.png,2
2808,06c0aa_0_10579.png,0
2809,13f372_0_8258.png,1
2810,4919a7_0_4773.png,2
2811,065053_0_4069.png,0
2812,2244d2_0_2426.png,1
2813,313d30_0_2825.png,2
2814,225819_0_1629.png,0
2815,13f372_0_3706.png,1
2816,300145_0_2021.png,2
2817,151856_0_5980.png,0
2818,0ed87f_1_819.png,1
2819,3ee426_0_5652.png,2
2820,06c0aa_0_14220.png,0
2821,13f372_0_7646.png,1
2822,53845a_0_7093.png,2
2823,151856_0_5353.png,0
2824,288156_0_8821.png,1
2825,0a47c9_0_4618.png,2
2826,225819_0_4036.png,0
2827,2db520_0_9424.png,1
2828,6015f7_0_4875.png,2
2829,2bd704_0_1256.png,0
2830,23d2c1_0_2733.png,1
2831,2bd8fe_0_6824.png,2
2832,2bd704_0_916.png,0
2833,1295bb_0_140.png,1
2834,028989_0_3977.png,2
2835,0b5827_1_175.png,0
2836,0415c3_0_13184.png,1
2837,245758_0_4607.png,2
2838,0b33d7_2_2722.png,0
2839,029c68_0_1484.png,1
2840,53845a_1_591.png,2
2841,22ee77_0_1667.png,0
2842,006388_0_6153.png,1
2843,3982bf_0_6974.png,2
2844,151856_0_8795.png,0
2845,2db520_0_5068.png,1
2846,098f15_0_555.png,2
2847,06c0aa_0_6700.png,0
2848,21726e_0_1631.png,1
2849,0fcfe9_0_4410.png,2
2850,283ec7_0_4193.png,0
2851,09644e_1_960.png,1
2852,3ee426_0_3652.png,2
2853,06c0aa_0_5738.png,0
2854,194e3f_0_1203.png,1
2855,313d30_0_2596.png,2
2856,283ec7_0_702.png,0
2857,0e4dac_0_5290.png,1
2858,2a25cf_0_3291.png,2
2859,0b33d7_2_1594.png,0
2860,1f9d4f_1_2637.png,1
2861,00c058_0_148.png,2
2862,225819_0_1316.png,0
2863,0d93ce_0_1384.png,1
2864,0a3ad1_0_752.png,2
2865,08b8ef_0_1583.png,0
2866,0415c3_0_1390.png,1
2867,2c64b2_0_1669.png,2
2868,1344f7_0_1274.png,0
2869,13f372_0_2085.png,1
2870,3982bf_0_1399.png,2
2871,26f366_0_3954.png,0
2872,1ef6da_0_5386.png,1
2873,028989_0_949.png,2
2874,06c0aa_0_2644.png,0
2875,19dd95_0_1345.png,1
2876,41db5b_0_564.png,2
2877,283ec7_0_3823.png,0
2878,12c8c9_0_1669.png,1
2879,424c9d_0_7821.png,2
2880,17ccad_0_711.png,0
2881,1295bb_0_126.png,1
2882,2bd8fe_0_114.png,2
2883,225819_0_7372.png,0
2884,2e7d16_0_517.png,1
2885,4919a7_0_4987.png,2
2886,2bec37_0_1310.png,0
2887,2eb2d7_0_2062.png,1
2888,6674a4_0_1216.png,2
2889,245489_1_436.png,0
2890,0ff6fc_0_94.png,1
2891,0fcfe9_0_1685.png,2
2892,1f54ac_0_3617.png,0
2893,09644e_0_2069.png,1
2894,69d655_0_3335.png,2
2895,245489_1_2603.png,0
2896,0e4dac_0_5385.png,1
2897,29b1b7_0_224.png,2
2898,272d47_0_1684.png,0
2899,1f9d4f_0_358.png,1
2900,028989_0_6818.png,2
2901,225819_0_1307.png,0
2902,1d1bf0_0_1706.png,1
2903,300145_0_1968.png,2
2904,17ccad_0_2887.png,0
2905,214cfa_1_6633.png,1
2906,497c27_0_800.png,2
2907,151856_0_235.png,0
2908,1f9d4f_0_4809.png,1
2909,384052_0_2253.png,2
2910,0e03b7_0_244.png,0
2911,006388_0_5396.png,1
2912,162cad_0_4131.png,2
2913,06c0aa_0_788.png,0
2914,291099_0_1827.png,1
2915,0a3ad1_0_3064.png,2
2916,0b33d7_2_1290.png,0
2917,1f9d4f_0_10132.png,1
2918,424c9d_0_1135.png,2
2919,2bec37_0_372.png,0
2920,2244d2_0_1893.png,1
2921,300145_0_1423.png,2
2922,26f366_0_540.png,0
2923,2446b8_0_519.png,1
2924,4dfe1e_0_1505.png,2
2925,283ec7_0_10757.png,0
2926,2e7d16_0_1187.png,1
2927,062387_0_4164.png,2
2928,06c0aa_0_6154.png,0
2929,1f9d4f_0_633.png,1
2930,3ee426_0_5332.png,2
2931,177a67_0_1871.png,0
2932,23d2c1_2_1359.png,1
2933,028989_0_7864.png,2
2934,2bd704_0_1770.png,0
2935,1d6d4f_0_1912.png,1
2936,41b23c_0_3111.png,2
2937,283ec7_0_13081.png,0
2938,1ef6da_0_929.png,1
2939,2bd8fe_0_849.png,2
2940,1c2637_0_670.png,0
2941,0e696a_0_1785.png,1
2942,162cad_0_256.png,2
2943,225819_0_1679.png,0
2944,09644e_2_1712.png,1
2945,611a50_0_857.png,2
2946,151856_0_4584.png,0
2947,3020ef_0_5805.png,1
2948,384052_0_2344.png,2
2949,01f2b3_0_4774.png,0
2950,13f372_0_6511.png,1
2951,055f6a_0_332.png,2
2952,06c0aa_0_1181.png,0
2953,1ec69e_0_143.png,1
2954,53845a_1_2561.png,2
2955,06c0aa_0_124.png,0
2956,1ec69e_0_3579.png,1
2957,5c30ec_0_4040.png,2
2958,177a67_0_282.png,0
2959,14d2fa_0_1600.png,1
2960,3982bf_0_10911.png,2
2961,22ee77_0_819.png,0
2962,09644e_2_1843.png,1
2963,5588f9_0_480.png,2
2964,151856_0_2422.png,0
2965,24f8f5_0_2627.png,1
2966,245758_0_5314.png,2
2967,283ec7_0_9693.png,0
2968,15aab4_0_142.png,1
2969,0fcfe9_0_312.png,2
2970,0f3ad7_0_2144.png,0
2971,3020ef_0_6799.png,1
2972,481ba8_0_577.png,2
2973,225819_0_6922.png,0
2974,3020ef_0_1717.png,1
2975,1ffc5d_0_148.png,2
2976,283ec7_0_5781.png,0
2977,006388_0_4735.png,1
2978,6015f7_0_847.png,2
2979,0b33d7_2_2107.png,0
2980,13f372_0_5710.png,1
2981,0bd414_0_1163.png,2
2982,225819_0_2088.png,0
2983,09644e_0_700.png,1
2984,2bd8fe_0_8534.png,2
2985,26f366_0_3945.png,0
2986,2db520_0_12669.png,1
2987,0ee750_0_2032.png,2
2988,20ce6d_0_3340.png,0
2989,0d533f_0_970.png,1
2990,0fcfe9_0_1764.png,2
2991,0b33d7_2_2109.png,0
2992,04f7a4_0_1711.png,1
2993,4919a7_0_5497.png,2
2994,06c0aa_0_9307.png,0
2995,291099_0_1697.png,1
2996,41b23c_0_2159.png,2
2997,283ec7_0_5601.png,0
2998,2eb2d7_0_599.png,1
2999,4919a7_0_5527.png,2
